MovieID,Title,Year,Poster
1,Toy Story,1995,https://m.media-amazon.com/images/M/MV5BMDU2ZWJlMjktMTRhMy00ZTA5LWEzNDgtYmNmZTEwZTViZWJkXkEyXkFqcGdeQXVyNDQ2OTk4MzI@._V1_SX300.jpg
2,Jumanji,1995,https://m.media-amazon.com/images/M/MV5BZTk2ZmUwYmEtNTcwZS00YmMyLWFkYjMtNTRmZDA3YWExMjc2XkEyXkFqcGdeQXVyMTQxNzMzNDI@._V1_SX300.jpg
3,Grumpier Old Men,1995,https://m.media-amazon.com/images/M/MV5BMjQxM2YyNjMtZjUxYy00OGYyLTg0MmQtNGE2YzNjYmUyZTY1XkEyXkFqcGdeQXVyMTQxNzMzNDI@._V1_SX300.jpg
4,Waiting to Exhale,1995,https://m.media-amazon.com/images/M/MV5BYzcyMDY2YWQtYWJhYy00OGQ2LTk4NzktYWJkNDYwZWJmY2RjXkEyXkFqcGdeQXVyMTA0MjU0Ng@@._V1_SX300.jpg
5,Father of the Bride Part II,1995,https://m.media-amazon.com/images/M/MV5BOTEyNzg5NjYtNDU4OS00MWYxLWJhMTItYWU4NTkyNDBmM2Y0XkEyXkFqcGdeQXVyMTQxNzMzNDI@._V1_SX300.jpg
6,Heat,1995,https://m.media-amazon.com/images/M/MV5BNDc0YTQ5NGEtM2NkYS00MWRhLThiNzAtNmY3NWU3YzNkMjIyXkEyXkFqcGdeQXVyNzkwMjQ5NzM@._V1_SX300.jpg
7,Sabrina,1995,https://m.media-amazon.com/images/M/MV5BYjQ5ZjQ0YzQtOGY3My00MWVhLTgzNWItOTYwMTE5N2ZiMDUyXkEyXkFqcGdeQXVyNjUwMzI2NzU@._V1_SX300.jpg
8,Tom and Huck,1995,https://m.media-amazon.com/images/M/MV5BN2ZkZTMxOTAtMzg1Mi00M2U0LWE2NWItZDg4YmQyZjVkMDdhXkEyXkFqcGdeQXVyNTM5NzI0NDY@._V1_SX300.jpg
9,Sudden Death,1995,https://m.media-amazon.com/images/M/MV5BN2NjYWE5NjMtODlmZC00MjJhLWFkZTktYTJlZTI4YjVkMGNmXkEyXkFqcGdeQXVyNDc2NjEyMw@@._V1_SX300.jpg
10,GoldenEye,1995,https://m.media-amazon.com/images/M/MV5BMzk2OTg4MTk1NF5BMl5BanBnXkFtZTcwNjExNTgzNA@@._V1_SX300.jpg
11,The American President,1995,https://m.media-amazon.com/images/M/MV5BMTI5NDU2NDYzOF5BMl5BanBnXkFtZTYwNDk5MDI5._V1_SX300.jpg
12,Dracula: Dead and Loving It,1995,https://m.media-amazon.com/images/M/MV5BZWQ0ZDFmYzMtZGMyMi00NmYxLWE0MGYtYzM2ZGNhMTE1NTczL2ltYWdlL2ltYWdlXkEyXkFqcGdeQXVyMjM5ODMxODc@._V1_SX300.jpg
13,Balto,1995,https://m.media-amazon.com/images/M/MV5BMjBhNmFlZjMtMzhlYy00NDBlLWFiMjctMmE0ZjgwOGM2MTNmXkEyXkFqcGdeQXVyNjExODE1MDc@._V1_SX300.jpg
14,Nixon,1995,https://m.media-amazon.com/images/M/MV5BNzBlOWY0ZmEtZjdkYS00ZGU0LWEwN2YtYzBkNDM5ZDBjMmI1XkEyXkFqcGdeQXVyMTAwMzUyOTc@._V1_SX300.jpg
15,Cutthroat Island,1995,https://m.media-amazon.com/images/M/MV5BMDg2YTI0YmQtYzgwMi00Zjk4LWJkZjgtYjg0ZDE2ODUzY2RlL2ltYWdlXkEyXkFqcGdeQXVyNjQzNDI3NzY@._V1_SX300.jpg
16,Casino,1995,https://m.media-amazon.com/images/M/MV5BMTcxOWYzNDYtYmM4YS00N2NkLTk0NTAtNjg1ODgwZjAxYzI3XkEyXkFqcGdeQXVyNTA4NzY1MzY@._V1_SX300.jpg
17,Sense and Sensibility,1995,https://m.media-amazon.com/images/M/MV5BNzk1MjU3MDQyMl5BMl5BanBnXkFtZTcwNjc1OTM2MQ@@._V1_SX300.jpg
18,Four Rooms,1995,https://m.media-amazon.com/images/M/MV5BNDc3Y2YwMjUtYzlkMi00MTljLTg1ZGMtYzUwODljZTI1OTZjXkEyXkFqcGdeQXVyMTQxNzMzNDI@._V1_SX300.jpg
19,Ace Ventura: When Nature Calls,1995,https://m.media-amazon.com/images/M/MV5BNGFiYTgxZDctNGI4OS00MWU1LWIwOGUtZmMyNGQxYjVkZjQ3XkEyXkFqcGdeQXVyMTQxNzMzNDI@._V1_SX300.jpg
20,Money Train,1995,https://m.media-amazon.com/images/M/MV5BYWZlMzIwYzYtOWZiMi00ZGEzLWFhYmQtNmEzYzJlNDg1NjhjXkEyXkFqcGdeQXVyNTAyODkwOQ@@._V1_SX300.jpg
21,Get Shorty,1995,https://m.media-amazon.com/images/M/MV5BMjAwODYzNDY4Ml5BMl5BanBnXkFtZTcwODkwNTgzNA@@._V1_SX300.jpg
22,Copycat,1995,https://m.media-amazon.com/images/M/MV5BYWUwNDk2ZDYtNmFkMi00NjE5LWE1M2ItYTRkNTFjZDU3ZDU4L2ltYWdlL2ltYWdlXkEyXkFqcGdeQXVyMTYxNjkxOQ@@._V1_SX300.jpg
23,Assassins,1995,https://m.media-amazon.com/images/M/MV5BZGI1NDA4ZDItNTRjMi00YTU3LTkwZDEtYjdlNTI1ZjQxZDM1XkEyXkFqcGdeQXVyNDc2NjEyMw@@._V1_SX300.jpg
24,Powder,1995,https://m.media-amazon.com/images/M/MV5BOGUzYzNiZTItYmZlNi00ODI1LThjNTMtNjI1MTNlZDQ0OGY2XkEyXkFqcGdeQXVyNjExODE1MDc@._V1_SX300.jpg
25,Leaving Las Vegas,1995,https://m.media-amazon.com/images/M/MV5BNDg3MDM5NTI0MF5BMl5BanBnXkFtZTcwNDY0NDk0NA@@._V1_SX300.jpg
26,Othello,1995,https://m.media-amazon.com/images/M/MV5BMTIxMzA2ODk2NV5BMl5BanBnXkFtZTcwMzQ4ODIyMQ@@._V1_SX300.jpg
27,Now and Then,1995,https://m.media-amazon.com/images/M/MV5BMTM2MDQ1YjUtMGM0NC00NmFlLTljMDktZjJiNWRhMWYxOWYyXkEyXkFqcGdeQXVyNjgzMjI4ODE@._V1_SX300.jpg
28,Persuasion,1995,http://ia.media-imdb.com/images/M/MV5BMTc5NzAwNDAyN15BMl5BanBnXkFtZTYwMjYzMDc5._V1_SX300.jpg
29,The City of Lost Children,1995,https://m.media-amazon.com/images/M/MV5BZGQxZDMwYzYtYmFjNi00NWYyLThjZjAtMDJhODZhYTkyZDNhXkEyXkFqcGdeQXVyNTAyODkwOQ@@._V1_SX300.jpg
30,Shanghai Triad,1995,https://m.media-amazon.com/images/M/MV5BMTgyMzAwOTQyNF5BMl5BanBnXkFtZTcwNDU1MjgxMQ@@._V1_SX300.jpg
31,Dangerous Minds,1995,https://m.media-amazon.com/images/M/MV5BZjk2YjNkYTYtOTZkNy00ZmRkLWI5ODEtYzA4MTM3MzMyZjhlXkEyXkFqcGdeQXVyMTQxNzMzNDI@._V1_SX300.jpg
32,Twelve Monkeys,1995,https://m.media-amazon.com/images/M/MV5BN2Y2OWU4MWMtNmIyMy00YzMyLWI0Y2ItMTcyZDc3MTdmZDU4XkEyXkFqcGdeQXVyMTQxNzMzNDI@._V1_SX300.jpg
33,Wings of Courage,1995,https://images-na.ssl-images-amazon.com/images/M/MV5BMTc3ODY1MjA3OF5BMl5BanBnXkFtZTcwODgzOTgyMQ@@._V1_SX300.jpg
34,Babe,1995,https://m.media-amazon.com/images/M/MV5BYjg4ZjUzMzMtYzlmYi00YTcwLTlkOWUtYWFmY2RhNjliODQzXkEyXkFqcGdeQXVyNTUyMzE4Mzg@._V1_SX300.jpg
35,Carrington,1995,https://m.media-amazon.com/images/M/MV5BZjQ3MTBkNDEtMGRlZS00OTY0LTkzYjktOWU2MzI3ZDRiMjY5XkEyXkFqcGdeQXVyMTA0MjU0Ng@@._V1_SX300.jpg
36,Dead Man Walking,1995,https://m.media-amazon.com/images/M/MV5BMTM3NzA1MjM2N15BMl5BanBnXkFtZTcwMzY3MTMzNA@@._V1_SX300.jpg
37,Across the Sea of Time,1995,https://images-na.ssl-images-amazon.com/images/M/MV5BOTIwMzk1MDc1MF5BMl5BanBnXkFtZTcwMTEzNDkyMQ@@._V1_SX300.jpg
38,It Takes Two,1995,https://m.media-amazon.com/images/M/MV5BMzdhMGU0MzEtZjg1Ny00YzE5LWE0MGQtMTNiN2UwN2I5ZDBjXkEyXkFqcGdeQXVyNTgzMzU5MDI@._V1_SX300.jpg
39,Clueless,1995,https://m.media-amazon.com/images/M/MV5BMTgxODIxODE2MF5BMl5BanBnXkFtZTgwOTA4NjQxMTE@._V1_SX300.jpg
40,"Cry, the Beloved Country",1995,https://m.media-amazon.com/images/M/MV5BMTcwMDU1OTEwOF5BMl5BanBnXkFtZTcwMTg5NjEyMQ@@._V1_SX300.jpg
41,Richard III,1995,https://m.media-amazon.com/images/M/MV5BOWI3NjhhZDItNWQ2NS00Zjg0LWIzMjctNzY0MjRmNzkyYzVmXkEyXkFqcGdeQXVyMTA0MjU0Ng@@._V1_SX300.jpg
42,Dead Presidents,1995,https://m.media-amazon.com/images/M/MV5BNjdhZWEzMzEtMjNhZS00OThhLWFiZWUtM2EwMWU5MWE0MDA4XkEyXkFqcGdeQXVyMTQxNzMzNDI@._V1_SX300.jpg
43,Restoration,1995,https://images-na.ssl-images-amazon.com/images/M/MV5BMTQxODZiZTUtNTlhNy00Y2Q3LWFjMjctOTYyZGY2ZmIxZGRkXkEyXkFqcGdeQXVyMTQxNzMzNDI@._V1_SX300.jpg
44,Mortal Kombat,1995,https://m.media-amazon.com/images/M/MV5BNzJhYjYxMTctNmY4My00NGIzLThmN2MtYjgwMjlmZWNjMTJlL2ltYWdlL2ltYWdlXkEyXkFqcGdeQXVyMTQxNzMzNDI@._V1_SX300.jpg
45,To Die For,1995,https://m.media-amazon.com/images/M/MV5BNGZhYzgwNzItNDljNC00MDM4LThiYjEtNDRhNmE5NDk2MTQ0XkEyXkFqcGdeQXVyMTQxNzMzNDI@._V1_SX300.jpg
46,How to Make an American Quilt,1995,https://m.media-amazon.com/images/M/MV5BNGYwZmZkYWItNjdmMi00MjI2LThmOGYtMmI1NTQ0OWQ1YWIxXkEyXkFqcGdeQXVyNzA5NjUyNjM@._V1_SX300.jpg
47,Se7en,1995,https://m.media-amazon.com/images/M/MV5BOTUwODM5MTctZjczMi00OTk4LTg3NWUtNmVhMTAzNTNjYjcyXkEyXkFqcGdeQXVyNjU0OTQ0OTY@._V1_SX300.jpg
48,Pocahontas,1995,https://m.media-amazon.com/images/M/MV5BMzc4YzhiN2ItY2Y4NC00YTA0LWEyMjEtNzllNTcxZDdjODhiXkEyXkFqcGdeQXVyNTUyMzE4Mzg@._V1_SX300.jpg
49,When Night Is Falling,1995,https://m.media-amazon.com/images/M/MV5BNmZmNzc3ZWYtNTI2ZS00NWFlLWFkMWMtMGUxN2UxZjljZTY5XkEyXkFqcGdeQXVyNTM3MDMyMDQ@._V1_SX300.jpg
50,The Usual Suspects,1995,https://m.media-amazon.com/images/M/MV5BYTViNjMyNmUtNDFkNC00ZDRlLThmMDUtZDU2YWE4NGI2ZjVmXkEyXkFqcGdeQXVyNjU0OTQ0OTY@._V1_SX300.jpg
51,Guardian Angel,1994,https://ia.media-imdb.com/images/M/MV5BMTI1OTA0NDQzN15BMl5BanBnXkFtZTcwMjIwNjQyMQ@@._V1_SX300.jpg
52,Guardian Angel,1994,https://ia.media-imdb.com/images/M/MV5BMTI1OTA0NDQzN15BMl5BanBnXkFtZTcwMjIwNjQyMQ@@._V1_SX300.jpg
53,Lamerica,1994,https://images-na.ssl-images-amazon.com/images/M/MV5BMTk0MTI5MjU3MF5BMl5BanBnXkFtZTcwMjMzODUyMQ@@._V1_SX300.jpg
54,The Big Green,1995,https://m.media-amazon.com/images/M/MV5BNmY4NWVkM2UtY2FkZC00NWJiLTg5N2EtYzk4NjJkMGE0YzA3XkEyXkFqcGdeQXVyNTM5NzI0NDY@._V1_SX300.jpg
55,Georgia,1995,https://m.media-amazon.com/images/M/MV5BZWJiNjMwYzMtZWU5Yi00NGI0LTg5NGYtZDY4MWRiYjEwYTYzXkEyXkFqcGdeQXVyMTAwMzUyOTc@._V1_SX300.jpg
56,Kids of the Round Table,1995,https://images-na.ssl-images-amazon.com/images/M/MV5BMTEwMTM0MzI3OTheQTJeQWpwZ15BbWU3MDQzNTQ2MTE@._V1_SX300.jpg
57,Home for the Holidays,1995,https://m.media-amazon.com/images/M/MV5BMWU3NmFlNzAtMDM0Zi00OGM0LTgxN2EtZDVlNTBmYWYzNWUzXkEyXkFqcGdeQXVyNTM5NzI0NDY@._V1_SX300.jpg
58,Il Postino: The Postman,1994,https://m.media-amazon.com/images/M/MV5BYWZmNjkzOGItNmI4ZS00MDQ1LThhMzQtOTI3MThjOTI4Njg2XkEyXkFqcGdeQXVyMDUyOTUyNQ@@._V1_SX300.jpg
59,The Confessional,1995,https://images-na.ssl-images-amazon.com/images/M/MV5BYzViYmE5OWQtOTlmZi00ZDM2LTg5NTEtYjVkODBhZmI3MGQzXkEyXkFqcGdeQXVyNzM0MDQ1Mw@@._V1_SX300.jpg
60,The Indian in the Cupboard,1995,https://m.media-amazon.com/images/M/MV5BZWZlYmZiZGMtN2YyZC00MTdjLTllNjUtYWNhZDMwNDhhOTM1XkEyXkFqcGdeQXVyNTI4MjkwNjA@._V1_SX300.jpg
61,Eye for an Eye,1996,https://m.media-amazon.com/images/M/MV5BMDM4Mzc5ZjAtM2JjMi00NzU1LWEzM2MtNDQzNWI5MmRkM2I1XkEyXkFqcGdeQXVyNTAyODkwOQ@@._V1_SX300.jpg
62,Mr. Holland's Opus,1995,https://m.media-amazon.com/images/M/MV5BZDZhNDRlZjAtYzdhNy00ZjU1LWFlMDYtNjA5NjliM2Y5ZmVjL2ltYWdlXkEyXkFqcGdeQXVyNjE5MjUyOTM@._V1_SX300.jpg
63,Don't Be a Menace to South Central While Drinking Your Juice in the Hood,1996,https://m.media-amazon.com/images/M/MV5BY2NmM2M2MWItNjdlMC00ZWI3LTkwODUtZDNkYWZjYjgzZjY3XkEyXkFqcGdeQXVyMTQxNzMzNDI@._V1_SX300.jpg
64,Two If by Sea,1996,https://m.media-amazon.com/images/M/MV5BY2YwZjVkMjItYjY4Yy00M2QyLTg0Y2MtYmFiNTgzMjNmMmQzXkEyXkFqcGdeQXVyNzc5MjA3OA@@._V1_SX300.jpg
65,Bio-Dome,1996,https://m.media-amazon.com/images/M/MV5BYzY0ZjI0NTUtNDE4Yi00OGU2LWExZDMtNTY1MTM3ZWE3MzEyXkEyXkFqcGdeQXVyMTQxNzMzNDI@._V1_SX300.jpg
66,Lawnmower Man 2: Beyond Cyberspace,1996,https://m.media-amazon.com/images/M/MV5BZGI0ZDZhOGUtZDZiOS00NWE2LThjNzQtYzI3ZGFjODUwZjlkXkEyXkFqcGdeQXVyMTQxNzMzNDI@._V1_SX300.jpg
67,Two Bits,1995,https://m.media-amazon.com/images/M/MV5BOGE1NmM0MjYtZmJjYS00ODI5LWI0MjgtOGM2MTY3ZmIyNDZkXkEyXkFqcGdeQXVyNjUwNzk3NDc@._V1_SX300.jpg
68,French Twist,1995,https://m.media-amazon.com/images/M/MV5BMTQyNzIyMjI1MV5BMl5BanBnXkFtZTgwMjkyMzUzMzE@._V1_SX300.jpg
69,Friday,1995,https://m.media-amazon.com/images/M/MV5BYmEwNjNlZTUtNzkwMS00ZTlhLTkyY2MtMjM2MzlmODQyZGVhXkEyXkFqcGdeQXVyNTI4MjkwNjA@._V1_SX300.jpg
70,From Dusk Till Dawn,1996,https://m.media-amazon.com/images/M/MV5BZjk3YmZhMDAtOWUzMS00YjE5LTkxNzAtY2I1NGZjMDA2ZTk0XkEyXkFqcGdeQXVyMTQxNzMzNDI@._V1_SX300.jpg
71,Fair Game,1995,https://m.media-amazon.com/images/M/MV5BMTE4M2Q2ZjctMGViNS00NzhiLWFkMjMtMjY2NWMzOWUzM2Y3XkEyXkFqcGdeQXVyNjU0NTI0Nw@@._V1_SX300.jpg
72,Kicking and Screaming,1995,https://m.media-amazon.com/images/M/MV5BNWU2YjdlN2ItNTk2OS00MzMwLTlhYjctNDI0MDI0NTQ3OWY0XkEyXkFqcGdeQXVyNzI1NzMxNzM@._V1_SX300.jpg
73,Les Mis√©rables,1995,https://images-na.ssl-images-amazon.com/images/M/MV5BMTg1NzgyNTk0N15BMl5BanBnXkFtZTYwNjk4MDU5._V1_SX300.jpg
74,Bed of Roses,1996,https://m.media-amazon.com/images/M/MV5BNTUwOWM4YmUtMzdkMi00YjEwLWE0MmEtZTBmMGNhYWU4OGI3XkEyXkFqcGdeQXVyNzc5MjA3OA@@._V1_SX300.jpg
75,Big Bully,1996,https://m.media-amazon.com/images/M/MV5BYzAzMmUyNTYtNTQ4Yi00ZDJmLTliMTAtOTFlY2U0ODNiMGNmXkEyXkFqcGdeQXVyNTIzOTk5ODM@._V1_SX300.jpg
76,Screamers,1995,https://m.media-amazon.com/images/M/MV5BM2M2ZGM0NDUtODRhNS00MjcxLTg3ZWYtYjkyZDJkYmVjOWYwXkEyXkFqcGdeQXVyMTQxNzMzNDI@._V1_SX300.jpg
77,Nico Icon,1995,https://m.media-amazon.com/images/M/MV5BNTY2MDM2NzcyM15BMl5BanBnXkFtZTcwMjk3MzcyMQ@@._V1_SX300.jpg
78,The Crossing Guard,1995,https://m.media-amazon.com/images/M/MV5BMjkwNWMyZjQtNmU5MS00ZWE1LWE3NzMtNGZjNTlhYzcwNjIzXkEyXkFqcGdeQXVyMTAwMzUyOTc@._V1_SX300.jpg
79,The Juror,1996,https://m.media-amazon.com/images/M/MV5BYTMzNjAyZTktNzRjMS00ZThmLTk5ODEtZWI5ZmYyZGNiNzMxXkEyXkFqcGdeQXVyNjU0NTI0Nw@@._V1_SX300.jpg
80,The White Balloon,1995,https://images-na.ssl-images-amazon.com/images/M/MV5BMTE5ODk5MDAwN15BMl5BanBnXkFtZTYwNDA3MjE5._V1_SX300.jpg
81,Things to Do in Denver When You're Dead,1995,https://m.media-amazon.com/images/M/MV5BMzI0OWEzZmItOGUyOC00M2Y2LWIzNDEtY2EzYzAwNWI0ZDkyXkEyXkFqcGdeQXVyNTc1NTQxODI@._V1_SX300.jpg
82,Antonia's Line,1995,https://ia.media-imdb.com/images/M/MV5BMTgwNjkwOTQ5NV5BMl5BanBnXkFtZTcwNjc3ODAyMQ@@._V1_SX300.jpg
83,Once Upon a Time... When We Were Colored,1995,https://images-na.ssl-images-amazon.com/images/M/MV5BMTI4NDk2MDcyNV5BMl5BanBnXkFtZTcwMTQxNTMyMQ@@._V1_SX300.jpg
84,Last Summer in the Hamptons,1995,https://m.media-amazon.com/images/M/MV5BMTY2OTM4MDI2OV5BMl5BanBnXkFtZTcwNTQxMTYxMQ@@._V1_SX300.jpg
85,Angels and Insects,1995,https://m.media-amazon.com/images/M/MV5BZTc1MzY1ODAtMDhlMS00NjgyLTlkNTEtZTUwYTM4MzFkNWNmXkEyXkFqcGdeQXVyNDE5MTU2MDE@._V1_SX300.jpg
86,White Squall,1996,https://m.media-amazon.com/images/M/MV5BZjlmMDcwMWUtODBlZi00MmJkLThiODAtY2NkOGQxMTExZDU3L2ltYWdlXkEyXkFqcGdeQXVyNjQzNDI3NzY@._V1_SX300.jpg
87,Dunston Checks In,1996,https://m.media-amazon.com/images/M/MV5BN2RhOTA4YzAtNTg3NC00NmYxLWI1YjQtYzM4NTJlYzVhZGYwXkEyXkFqcGdeQXVyMTQxNzMzNDI@._V1_SX300.jpg
88,Black Sheep,1996,https://m.media-amazon.com/images/M/MV5BYjc2NzU0YjUtYzkyNS00NjcwLWJiM2QtM2Y3YjFhMTQ0M2I3XkEyXkFqcGdeQXVyMTQxNzMzNDI@._V1_SX300.jpg
89,Nick of Time,1995,https://m.media-amazon.com/images/M/MV5BODg1ODNjMzItYjRkMS00NmExLTkxNWUtMWYwNWM2NDU1YzU1XkEyXkFqcGdeQXVyNTAyODkwOQ@@._V1_SX300.jpg
90,The Journey of August King,1995,https://images-na.ssl-images-amazon.com/images/M/MV5BMWNkM2U1MTMtZTA4NC00OGE4LThmMzgtNWQzYWU4OTU1Y2YwXkEyXkFqcGdeQXVyMjUyNDk2ODc@._V1_SX300.jpg
92,Mary Reilly,1996,https://m.media-amazon.com/images/M/MV5BZWI5MzBiMjgtNDE2ZC00MTA1LWFmNWItZDQyMDA2NGE0MjQ5XkEyXkFqcGdeQXVyMTQxNzMzNDI@._V1_SX300.jpg
93,Vampire in Brooklyn,1995,https://m.media-amazon.com/images/M/MV5BNWFlYjJiYzUtNWE1YS00YzM5LTkxYzMtN2FlMjI4NTNlNzExXkEyXkFqcGdeQXVyMTQxNzMzNDI@._V1_SX300.jpg
94,Beautiful Girls,1996,https://m.media-amazon.com/images/M/MV5BOTQ4OTU0ODktY2E5YS00MGFhLTgwZTEtZWFkOGMxMmFmOTg0XkEyXkFqcGdeQXVyNzc5MjA3OA@@._V1_SX300.jpg
95,Broken Arrow,1996,https://m.media-amazon.com/images/M/MV5BYzU2NDg3ZTItNzRmNy00NTQzLTljMDUtNjczOTMwZjEzNWVkXkEyXkFqcGdeQXVyMTQxNzMzNDI@._V1_SX300.jpg
96,A Midwinter's Tale,1995,https://ia.media-imdb.com/images/M/MV5BMTIyMDEwMDAyMl5BMl5BanBnXkFtZTYwOTUwNTk4._V1_SX300.jpg
97,La Haine,1995,https://m.media-amazon.com/images/M/MV5BNDNiOTA5YjktY2Q0Ni00ODgzLWE5MWItNGExOWRlYjY2MjBlXkEyXkFqcGdeQXVyNjQ2MjQ5NzM@._V1_SX300.jpg
98,Shopping,1994,https://m.media-amazon.com/images/M/MV5BMTA5NzE3MjQ4MzFeQTJeQWpwZ15BbWU3MDQ1MDU2MjE@._V1_SX300.jpg
99,Heidi Fleiss: Hollywood Madam,1995,https://images-na.ssl-images-amazon.com/images/M/MV5BMTc4NDc5NzQzNF5BMl5BanBnXkFtZTcwMDUyODkxMQ@@._V1_SX300.jpg
100,City Hall,1996,https://m.media-amazon.com/images/M/MV5BNDlhNDc3MmEtODJkMS00YmVlLWI4MTUtNDRkMTFhYjk1NDdlXkEyXkFqcGdeQXVyMTMxMTY0OTQ@._V1_SX300.jpg
101,Bottle Rocket,1996,https://m.media-amazon.com/images/M/MV5BNDA3NGEwZGYtN2I0Yy00M2E3LWEzNmItNzUwOWUyYmUzYWZmXkEyXkFqcGdeQXVyNTgzMzU5MDI@._V1_SX300.jpg
102,Mr. Wrong,1996,https://m.media-amazon.com/images/M/MV5BMTM0MTAxMjcyMl5BMl5BanBnXkFtZTcwMTIzMTEyMQ@@._V1_SX300.jpg
103,Unforgettable,1996,https://m.media-amazon.com/images/M/MV5BMjQxODM0MjY2Nl5BMl5BanBnXkFtZTgwOTkwMDcyMTI@._V1_SX300.jpg
104,Happy Gilmore,1996,https://m.media-amazon.com/images/M/MV5BZWI2NjliOTYtZjE1OS00YzAyLWJjYTQtYWNmZTQzMTQzNzVjXkEyXkFqcGdeQXVyMTQxNzMzNDI@._V1_SX300.jpg
105,The Bridges of Madison County,1995,https://m.media-amazon.com/images/M/MV5BOTczNjIwMDM0MF5BMl5BanBnXkFtZTgwNzEzNTU1NTM@._V1_SX300.jpg
106,Nobody Loves Me,1994,https://m.media-amazon.com/images/M/MV5BMTM1NzQ2NjQ3Ml5BMl5BanBnXkFtZTcwNzg5NjYxMQ@@._V1_SX300.jpg
107,Muppet Treasure Island,1996,https://m.media-amazon.com/images/M/MV5BMTlmNzhiMWEtOWVjZC00NmM0LTgxNDItMDJmYTkxYTZkY2FjXkEyXkFqcGdeQXVyNTUyMzE4Mzg@._V1_SX300.jpg
108,Catwalk,1995,https://images-na.ssl-images-amazon.com/images/M/MV5BMTYxNzk1NjMxN15BMl5BanBnXkFtZTcwNjk0ODkxMQ@@._V1_SX300.jpg
109,Headless Body in Topless Bar,1995,https://images-na.ssl-images-amazon.com/images/M/MV5BMTYyMTAzNDY0NF5BMl5BanBnXkFtZTcwODc4ODcxMQ@@._V1_SX300.jpg
110,Braveheart,1995,https://m.media-amazon.com/images/M/MV5BMzkzMmU0YTYtOWM3My00YzBmLWI0YzctOGYyNTkwMWE5MTJkXkEyXkFqcGdeQXVyNzkwMjQ5NzM@._V1_SX300.jpg
111,Taxi Driver,1976,https://m.media-amazon.com/images/M/MV5BM2M1MmVhNDgtNmI0YS00ZDNmLTkyNjctNTJiYTQ2N2NmYzc2XkEyXkFqcGdeQXVyNzkwMjQ5NzM@._V1_SX300.jpg
112,Rumble in the Bronx,1995,https://m.media-amazon.com/images/M/MV5BZTUxMzY1N2YtZjM5NC00MmUzLThkNzEtYjNiYzg0MzI4MDc5L2ltYWdlXkEyXkFqcGdeQXVyNTAyODkwOQ@@._V1_SX300.jpg
113,Before and After,1996,https://m.media-amazon.com/images/M/MV5BMTgwODk4NDkzNF5BMl5BanBnXkFtZTcwMjA0MjUyMQ@@._V1_SX300.jpg
114,Margaret's Museum,1995,http://ia.media-imdb.com/images/M/MV5BMTc3NjY0Mjk4MV5BMl5BanBnXkFtZTcwNTAzMzUyMQ@@._V1_SX300.jpg
115,Happiness Is in the Field,1995,https://m.media-amazon.com/images/M/MV5BNWVlZDI1MTEtNGMxMS00ZWUyLWE4MDAtYzE5MzY0YjA2ZWM0XkEyXkFqcGdeQXVyMjQzMzQzODY@._V1_SX300.jpg
116,Anne Frank Remembered,1995,https://images-na.ssl-images-amazon.com/images/M/MV5BMTQ3NjcxMjEwMV5BMl5BanBnXkFtZTYwODMwNTc4._V1_SX300.jpg
117,The Young Poisoner's Handbook,1995,https://images-na.ssl-images-amazon.com/images/M/MV5BMTg0MTE5OTMzNV5BMl5BanBnXkFtZTcwMDM0MzkzMQ@@._V1_SX300.jpg
118,If Lucy Fell,1996,https://m.media-amazon.com/images/M/MV5BMmFjYWU4YTgtZGQ1OC00ZjhlLWI3ZjMtMzZhN2I1Y2I1MWJjXkEyXkFqcGdeQXVyMTQxNzMzNDI@._V1_SX300.jpg
119,Steal Big Steal Little,1995,https://m.media-amazon.com/images/M/MV5BN2RjYzZhZmUtNThhMi00OTE1LTljNjgtYTM1MjFlNjZjMzE3XkEyXkFqcGdeQXVyMTQ3Njg3MQ@@._V1_SX300.jpg
120,Race the Sun,1996,https://m.media-amazon.com/images/M/MV5BZDQ2ZGJlOTAtMmM1Yi00MGNlLWIwMDgtMzkzNTA1NWU3YzhiXkEyXkFqcGdeQXVyMTQxNzMzNDI@._V1_SX300.jpg
121,The Boys of St. Vincent,1992,https://m.media-amazon.com/images/M/MV5BODc3YjhlN2UtOWI3Mi00YTg4LTlhM2ItODI2ZGYzNjIxMDIzXkEyXkFqcGdeQXVyMDUyOTUyNQ@@._V1_SX300.jpg
122,Boomerang,1992,https://m.media-amazon.com/images/M/MV5BZDZmZDU5MGYtMTU3YS00NDczLWJmOTQtOTdlODk2NmMxZjllXkEyXkFqcGdeQXVyMTQxNzMzNDI@._V1_SX300.jpg
123,Chungking Express,1994,https://m.media-amazon.com/images/M/MV5BMGQ5MzljNzYtMDM1My00NmI0LThlYzQtMTg0ZmQ0MTk1YjkxXkEyXkFqcGdeQXVyNTAyODkwOQ@@._V1_SX300.jpg
124,The Star Maker,1995,https://m.media-amazon.com/images/M/MV5BNjM4OTI1MjMtMGU4OC00MzExLWFmY2EtNzM5Yjc5ZjdmNWUxL2ltYWdlL2ltYWdlXkEyXkFqcGdeQXVyMjIyMDk1Nzg@._V1_SX300.jpg
125,Flirting with Disaster,1996,https://m.media-amazon.com/images/M/MV5BNzM4NTAyMDE4MF5BMl5BanBnXkFtZTcwNjg1NDQ3Nw@@._V1_SX300.jpg
126,The NeverEnding Story III,1994,https://m.media-amazon.com/images/M/MV5BM2U0NDQxMDEtNzU1YS00ZjM2LTg3Y2QtZGRjMDAxMzBhODRkXkEyXkFqcGdeQXVyNTUyMzE4Mzg@._V1_SX300.jpg
127,The Silences of the Palace,1994,https://images-na.ssl-images-amazon.com/images/M/MV5BMTY4NTI3MTY4MF5BMl5BanBnXkFtZTcwNzI0MzcxMQ@@._V1_SX300.jpg
128,Jupiter's Wife,1995,https://images-na.ssl-images-amazon.com/images/M/MV5BMTI3ODIyODY4N15BMl5BanBnXkFtZTcwNjE3MjUyMQ@@._V1_SX300.jpg
129,Pie in the Sky,1996,https://images-na.ssl-images-amazon.com/images/M/MV5BMTAxMTQwNTg1NjNeQTJeQWpwZ15BbWU3MDEzMzI0MjE@._V1_SX300.jpg
130,Angela,1995,https://images-na.ssl-images-amazon.com/images/M/MV5BNTJlZTgyYjEtN2Y4Mi00MDU4LTliNzAtZmU1N2Y3YmNhOWQwXkEyXkFqcGdeQXVyMjkyMDI4NTQ@._V1_SX300.jpg
131,Frankie Starlight,1995,https://images-na.ssl-images-amazon.com/images/M/MV5BMjAxMzU0MzI0OF5BMl5BanBnXkFtZTcwMjI3MzMyMQ@@._V1_SX300.jpg
132,Jade,1995,https://m.media-amazon.com/images/M/MV5BYTcwZDIyMDEtN2Q4MS00ZTIxLWEwMjMtM2I5NWViOTNjMGRhXkEyXkFqcGdeQXVyNjU0NTI0Nw@@._V1_SX300.jpg
133,Nueba Yol,1995,https://images-na.ssl-images-amazon.com/images/M/MV5BZGQ1Yjc3MjItNDdmNi00YzQ5LWIwMzQtMzkwNTdkNDg2MmQ0XkEyXkFqcGdeQXVyODU4MjAxOQ@@._V1_SX300.jpg
134,Sonic Outlaws,1995,https://images-na.ssl-images-amazon.com/images/M/MV5BMTk5OTU5MTgxM15BMl5BanBnXkFtZTcwNTMwMDgyMQ@@._V1_SX300.jpg
135,Down Periscope,1996,https://m.media-amazon.com/images/M/MV5BMTlkNGU1NDctNDAwZC00ZThlLWE4YTgtMWU5YjJjYzIyY2VjXkEyXkFqcGdeQXVyNTIzOTk5ODM@._V1_SX300.jpg
136,From the Journals of Jean Seberg,1995,https://images-na.ssl-images-amazon.com/images/M/MV5BMTk5ODgzNDE1NV5BMl5BanBnXkFtZTcwMTY4MDMyMQ@@._V1_SX300.jpg
137,Man of the Year,1995,https://images-na.ssl-images-amazon.com/images/M/MV5BMjY3MjczMjQwMV5BMl5BanBnXkFtZTcwNDM3OTEzMQ@@._V1_SX300.jpg
138,The Neon Bible,1995,https://images-na.ssl-images-amazon.com/images/M/MV5BNzg1MzgyMDUyNl5BMl5BanBnXkFtZTcwNTk5MjcyMQ@@._V1_SX300.jpg
139,Target,1995,N/A
140,Up Close & Personal,1996,https://m.media-amazon.com/images/M/MV5BZTZjYmNkZTYtOTA0Zi00NDcyLWI2YzQtOTgyZjQ2YzM5Y2E2XkEyXkFqcGdeQXVyMTQxNzMzNDI@._V1_SX300.jpg
141,The Birdcage,1996,https://m.media-amazon.com/images/M/MV5BMTM2NjExODYyOF5BMl5BanBnXkFtZTcwNTc0NjgyNA@@._V1_SX300.jpg
142,Cienie,1988,N/A
143,Gospa,1995,https://images-na.ssl-images-amazon.com/images/M/MV5BOTdkOGMzN2EtM2JkYi00YTNjLTlhNjAtYjVkZWRjYWVmNjI5XkEyXkFqcGdeQXVyNjU4NzAyNjg@._V1_SX300.jpg
144,The Brothers McMullen,1995,https://m.media-amazon.com/images/M/MV5BMTQ2YTY2OWMtODdjNy00MmE4LWE1MDEtOTdmMzc4ZDBjNzQ5XkEyXkFqcGdeQXVyNTM0NTU5Mg@@._V1_SX300.jpg
145,Bad Boys,1995,https://m.media-amazon.com/images/M/MV5BMGE1ZTQ0ZTEtZTEwZS00NWE0LTlmMDUtMTE1ZWJiZTYzZTQ2XkEyXkFqcGdeQXVyNTAyODkwOQ@@._V1_SX300.jpg
146,The Amazing Panda Adventure,1995,https://m.media-amazon.com/images/M/MV5BZmUyZWJmZDktMjE0Yy00MjUwLTlmMmUtNTk0YjFkODUxZTVkXkEyXkFqcGdeQXVyNzc5MjA3OA@@._V1_SX300.jpg
147,The Basketball Diaries,1995,https://m.media-amazon.com/images/M/MV5BMjdlNzQxZGUtZTg5YS00ODg2LTkxMzctMDAyNmEwM2YyZjA4XkEyXkFqcGdeQXVyMTQxNzMzNDI@._V1_SX300.jpg
148,An Awfully Big Adventure,1995,https://m.media-amazon.com/images/M/MV5BN2I1ZGQzM2YtYTlhYy00MmRiLTlhYWUtMjk2OTMyODNjNjgyXkEyXkFqcGdeQXVyMTQxNzMzNDI@._V1_SX300.jpg
149,Amateur,1994,https://m.media-amazon.com/images/M/MV5BMTIwNzE5OTkxMV5BMl5BanBnXkFtZTcwMzIxMjAwMQ@@._V1_SX300.jpg
150,Apollo 13,1995,https://m.media-amazon.com/images/M/MV5BNjEzYjJmNzgtNDkwNy00MTQ4LTlmMWMtNzA4YjE2NjI0ZDg4XkEyXkFqcGdeQXVyNjU0OTQ0OTY@._V1_SX300.jpg
151,Rob Roy,1995,https://m.media-amazon.com/images/M/MV5BMjE2NTU2ODI0MV5BMl5BanBnXkFtZTcwNTIwODU2NA@@._V1_SX300.jpg
152,The Addiction,1995,https://m.media-amazon.com/images/M/MV5BMWYzN2EyMmMtMTU2My00MWY2LTkyMGYtMjk0MzVkZGZiMzNjXkEyXkFqcGdeQXVyMTQxNzMzNDI@._V1_SX300.jpg
153,Batman Forever,1995,https://m.media-amazon.com/images/M/MV5BNWY3M2I0YzItNzA1ZS00MzE3LThlYTEtMTg2YjNiOTYzODQ1XkEyXkFqcGdeQXVyMTQxNzMzNDI@._V1_SX300.jpg
154,Belle de Jour,1967,https://m.media-amazon.com/images/M/MV5BZjNkNGJjYWEtM2IyNi00ZjM5LWFlYjYtYjQ4NTU5MGFlMTI2XkEyXkFqcGdeQXVyMTMxMTY0OTQ@._V1_SX300.jpg
155,Beyond Rangoon,1995,https://m.media-amazon.com/images/M/MV5BMTQwODgxMTA1NV5BMl5BanBnXkFtZTcwNzg0MTgyMQ@@._V1_SX300.jpg
156,Blue in the Face,1995,https://m.media-amazon.com/images/M/MV5BMzMzMTBjMzQtNGVmZS00MTg2LTgyNGYtZDRjNDIzMDJiNzY4XkEyXkFqcGdeQXVyNTM3MDMyMDQ@._V1_SX300.jpg
157,Canadian Bacon,1995,https://m.media-amazon.com/images/M/MV5BMTUwNDU0NzcwMl5BMl5BanBnXkFtZTcwNzk1NjAzNA@@._V1_SX300.jpg
158,Casper,1995,https://m.media-amazon.com/images/M/MV5BZThhYTlhMDUtMDhjZi00MTljLTkwMDYtOGU3ZjVlMWE4NDk4XkEyXkFqcGdeQXVyMTQxNzMzNDI@._V1_SX300.jpg
159,Clockers,1995,https://m.media-amazon.com/images/M/MV5BY2JmNTUyYWQtMTZhMy00YTE4LTllNGItMDZmNTBiZTkyNjE2XkEyXkFqcGdeQXVyMTMxMTY0OTQ@._V1_SX300.jpg
160,Congo,1995,https://m.media-amazon.com/images/M/MV5BMmQ2YWFjZGItMTNiZi00ZDFmLWE3ZTAtNTZiZTI5ZjBjYzlkXkEyXkFqcGdeQXVyMTQxNzMzNDI@._V1_SX300.jpg
161,Crimson Tide,1995,https://m.media-amazon.com/images/M/MV5BMmFkY2IxNTAtMWRiNS00MWU2LWI1NDYtY2YxYTQyYTk5OTBhXkEyXkFqcGdeQXVyNDk3NzU2MTQ@._V1_SX300.jpg
162,Crumb,1994,https://m.media-amazon.com/images/M/MV5BNThmZGJiYzctOTdhNS00ODhiLTg4NzctNDc1ZDRmOGU1MTJmXkEyXkFqcGdeQXVyNjQ2MjQ5NzM@._V1_SX300.jpg
163,Desperado,1995,https://m.media-amazon.com/images/M/MV5BYjA0NDMyYTgtMDgxOC00NGE0LWJkOTQtNDRjMjEzZmU0ZTQ3XkEyXkFqcGdeQXVyMTQxNzMzNDI@._V1_SX300.jpg
164,Devil in a Blue Dress,1995,https://m.media-amazon.com/images/M/MV5BNjI3NjFiNmMtMmQ1ZC00OTUwLWJlMWMtM2UxY2M2NDQ0OWJhXkEyXkFqcGdeQXVyNTI4MjkwNjA@._V1_SX300.jpg
165,Die Hard with a Vengeance,1995,https://m.media-amazon.com/images/M/MV5BZjI0ZWFiMmQtMjRlZi00ZmFhLWI4NmYtMjQ5YmY0MzIyMzRiXkEyXkFqcGdeQXVyMTQxNzMzNDI@._V1_SX300.jpg
166,The Doom Generation,1995,https://m.media-amazon.com/images/M/MV5BYjEwZDUyODktOGVmOC00ZjIyLTlmM2YtZDZjY2Y2ZWE4ZjMyXkEyXkFqcGdeQXVyMTQxNzMzNDI@._V1_SX300.jpg
167,Feast of July,1995,https://images-na.ssl-images-amazon.com/images/M/MV5BODQ5NTcyODQ4Ml5BMl5BanBnXkFtZTcwNjgxNzUyMQ@@._V1_SX300.jpg
168,First Knight,1995,https://m.media-amazon.com/images/M/MV5BOGUyZmJmM2MtMDNlZC00ZDU0LWIwODQtNGFmOWJjZjk5ZThhXkEyXkFqcGdeQXVyNjUwNzk3NDc@._V1_SX300.jpg
169,Free Willy 2: The Adventure Home,1995,https://m.media-amazon.com/images/M/MV5BZWY3OWY3MjUtN2E3NS00M2RkLWI5MWUtMmI4MjQ0MjFmZjM2XkEyXkFqcGdeQXVyMTQxNzMzNDI@._V1_SX300.jpg
170,Hackers,1995,https://m.media-amazon.com/images/M/MV5BNmExMTkyYjItZTg0YS00NWYzLTkwMjItZWJiOWQ2M2ZkYjE4XkEyXkFqcGdeQXVyMTQxNzMzNDI@._V1_SX300.jpg
171,Jeffrey,1995,https://m.media-amazon.com/images/M/MV5BMTc4MjM1Njc3NF5BMl5BanBnXkFtZTcwNzI0OTgyMQ@@._V1_SX300.jpg
172,Johnny Mnemonic,1995,https://m.media-amazon.com/images/M/MV5BNTdhYjEzYTEtYTkwZC00NzgxLWI0ZWEtYmEyMGZhOWYwMjE2XkEyXkFqcGdeQXVyMTQxNzMzNDI@._V1_SX300.jpg
173,Judge Dredd,1995,https://m.media-amazon.com/images/M/MV5BYmM1NzUyY2YtOTU4My00ZmFmLWI4ZjYtYzJlM2JlOTBhZmIzXkEyXkFqcGdeQXVyNjE5MjUyOTM@._V1_SX300.jpg
174,Jury Duty,1995,https://m.media-amazon.com/images/M/MV5BN2RlNGM4NjEtNjUxZC00YjA2LThjYjQtMDdkNDA1YzNlNzJjXkEyXkFqcGdeQXVyMTQxNzMzNDI@._V1_SX300.jpg
175,Kids,1995,https://m.media-amazon.com/images/M/MV5BNTNmN2QyNTgtMTk0ZC00NmFhLWJlNzctZmMyYTczZTYyMzA1XkEyXkFqcGdeQXVyMTQxNzMzNDI@._V1_SX300.jpg
176,Living in Oblivion,1995,https://m.media-amazon.com/images/M/MV5BN2U2MDdjZjUtMGU1Ni00MzlkLTllZWQtZmJjNzJmYjE5YjAxXkEyXkFqcGdeQXVyMTA0MjU0Ng@@._V1_SX300.jpg
177,Lord of Illusions,1995,https://m.media-amazon.com/images/M/MV5BNDg1OTc0MDQwNl5BMl5BanBnXkFtZTcwMjQ3NDk0NA@@._V1_SX300.jpg
178,Love & Human Remains,1993,https://images-na.ssl-images-amazon.com/images/M/MV5BMTcxMzQ2OTk5OF5BMl5BanBnXkFtZTcwMDUxNDMzMQ@@._V1_SX300.jpg
179,Mad Love,1995,https://m.media-amazon.com/images/M/MV5BZjBlZmVmZWItODBhNC00MzY0LWFjMDktODI0NmJiMDAxYmNjXkEyXkFqcGdeQXVyMTQxNzMzNDI@._V1_SX300.jpg
180,Mallrats,1995,https://m.media-amazon.com/images/M/MV5BZGNhYzE4YzktNDIwNC00YmRiLTgyOTgtMzk1ZjNhNmI4ODI1XkEyXkFqcGdeQXVyMTk3NDAwMzI@._V1_SX300.jpg
181,Mighty Morphin Power Rangers: The Movie,1995,https://m.media-amazon.com/images/M/MV5BN2I2Y2I5N2MtMzJhMy00NzE2LThlMzEtNGE0ODA4M2JhOWNiXkEyXkFqcGdeQXVyNTI4MjkwNjA@._V1_SX300.jpg
182,Moonlight and Valentino,1995,https://m.media-amazon.com/images/M/MV5BYjBhZDFhYWMtYTA0MS00NTZkLWI2YTAtMGJmZmVlNmE3YmE1XkEyXkFqcGdeQXVyMTA0MjU0Ng@@._V1_SX300.jpg
183,Mute Witness,1995,https://m.media-amazon.com/images/M/MV5BNTJkYWU2MjQtMGI4Ny00MGZjLWIzN2QtZDFmYWFkNDQ2NzJhXkEyXkFqcGdeQXVyMTQxNzMzNDI@._V1_SX300.jpg
184,Nadja,1994,https://images-na.ssl-images-amazon.com/images/M/MV5BMTk2NTE5MDI4MV5BMl5BanBnXkFtZTcwODM4MDMzMQ@@._V1_SX300.jpg
185,The Net,1995,https://m.media-amazon.com/images/M/MV5BYWU1YjQ3NTUtZjZkZi00ZDc5LTgyZTgtNzkxMTIzNzUwZGY0XkEyXkFqcGdeQXVyNDk3NzU2MTQ@._V1_SX300.jpg
186,Nine Months,1995,https://m.media-amazon.com/images/M/MV5BY2U3YTQzYWYtZTBlYi00ZmJjLTkzMjAtOTljYmE5MThhNzk5L2ltYWdlL2ltYWdlXkEyXkFqcGdeQXVyMTQxNzMzNDI@._V1_SX300.jpg
187,Party Girl,1995,https://m.media-amazon.com/images/M/MV5BNDkxZTY2YzctMDkxNy00NzA0LWE3MDYtNmRlMGQyZGNjZWIxXkEyXkFqcGdeQXVyMTMxMTY0OTQ@._V1_SX300.jpg
188,The Prophecy,1995,https://m.media-amazon.com/images/M/MV5BZjM4N2I0ZjYtMTFmNC00ZGQ0LWIzNmMtZDZjNzIwOGM1NzA0XkEyXkFqcGdeQXVyMTQxNzMzNDI@._V1_SX300.jpg
189,Reckless,1995,https://m.media-amazon.com/images/M/MV5BMTk4ODEzNDktM2U1ZC00MjhiLWEyMTgtNmI2NGM0ZWE3MTE2XkEyXkFqcGdeQXVyNjExODE1MDc@._V1_SX300.jpg
190,Safe,1995,https://m.media-amazon.com/images/M/MV5BODliOWEzMTUtZDQ5ZS00ZTBmLTgzNzEtMGVkOTlhYWNkYjE2XkEyXkFqcGdeQXVyMTQxNzMzNDI@._V1_SX300.jpg
191,The Scarlet Letter,1995,https://m.media-amazon.com/images/M/MV5BMTkxOWQ0OWMtY2E5YS00YjkzLWFjODQtZGY4NTQ5YmE2OGIzXkEyXkFqcGdeQXVyMTQxNzMzNDI@._V1_SX300.jpg
192,The Show,1995,https://m.media-amazon.com/images/M/MV5BMTAwNDYwMTEzNzZeQTJeQWpwZ15BbWU3MDY2MTY2MjE@._V1_SX300.jpg
193,Showgirls,1995,https://m.media-amazon.com/images/M/MV5BNzcyMjExNjg3OF5BMl5BanBnXkFtZTgwOTY4Mjc1MDE@._V1_SX300.jpg
194,Smoke,1995,https://m.media-amazon.com/images/M/MV5BMjUwYTdiYjItNTgzNS00MmQ3LWJlMDctODMyNTkxMjIxMDgwL2ltYWdlL2ltYWdlXkEyXkFqcGdeQXVyMTA0MjU0Ng@@._V1_SX300.jpg
195,Something to Talk About,1995,https://m.media-amazon.com/images/M/MV5BZDhmOTczMjItMzg5NS00OTFiLWEzYTctMjAxMTZmMWVmMmQxXkEyXkFqcGdeQXVyMTQxNzMzNDI@._V1_SX300.jpg
196,Species,1995,https://m.media-amazon.com/images/M/MV5BMjEzOTkxNTcyM15BMl5BanBnXkFtZTcwOTk0MjI3NA@@._V1_SX300.jpg
197,The Stars Fell on Henrietta,1995,https://images-na.ssl-images-amazon.com/images/M/MV5BMTU4NTYzMzIzMF5BMl5BanBnXkFtZTcwODk4MTkxMQ@@._V1_SX300.jpg
198,Strange Days,1995,https://m.media-amazon.com/images/M/MV5BODFkMTBmNjktMjM1Yy00MjY5LTliMGEtM2FhYjE2YjRmN2RkXkEyXkFqcGdeQXVyNzkwMjQ5NzM@._V1_SX300.jpg
199,The Umbrellas of Cherbourg,1964,https://m.media-amazon.com/images/M/MV5BYzU0ZjM1OTYtYzkwMS00N2RhLTlmNGUtNDIwM2I1MzVlNTdlXkEyXkFqcGdeQXVyNzAyNTgyNjU@._V1_SX300.jpg
200,The Tie That Binds,1995,https://m.media-amazon.com/images/M/MV5BMTg1NDgxMzYyM15BMl5BanBnXkFtZTcwNzIyOTEyMQ@@._V1_SX300.jpg
201,Three Wishes,1995,https://images-na.ssl-images-amazon.com/images/M/MV5BMTYzMTYxODc2N15BMl5BanBnXkFtZTcwMTMzNjAwMQ@@._V1_SX300.jpg
202,Total Eclipse,1995,https://m.media-amazon.com/images/M/MV5BMjEyMTY0NDM2N15BMl5BanBnXkFtZTcwMjMzNDYxMQ@@._V1_SX300.jpg
203,"To Wong Foo Thanks for Everything, Julie Newmar",1995,"https://m.media-amazon.com/images/M/MV5BMjEyNzgxNTk0OF5BMl5BanBnXkFtZTcwOTAzNjgyMQ@@._V1._CR2,3,261,413_SX89_AL_.jpg_V1_SX300.jpg"
204,Under Siege 2: Dark Territory,1995,https://m.media-amazon.com/images/M/MV5BMmUxMDE0MTItMTRiMC00YzgwLTkwODItN2FkOTQ0MjNhY2QwXkEyXkFqcGdeQXVyMDEwMjgxNg@@._V1_SX300.jpg
205,Unstrung Heroes,1995,https://m.media-amazon.com/images/M/MV5BNGI4YWI4YmYtZTAyMS00NGE0LThlMDUtNmQ1OTcyMGUwNTM1XkEyXkFqcGdeQXVyNzc5MjA3OA@@._V1_SX300.jpg
206,Unzipped,1995,https://m.media-amazon.com/images/M/MV5BMjAwODIwMTk2Nl5BMl5BanBnXkFtZTcwMzA4NDUyMQ@@._V1_SX300.jpg
207,A Walk in the Clouds,1995,https://m.media-amazon.com/images/M/MV5BNjg3OTQzOTM5MF5BMl5BanBnXkFtZTYwNTY5NzY5._V1_SX300.jpg
208,Waterworld,1995,https://m.media-amazon.com/images/M/MV5BYzE4NTRmMDYtNWYzYi00YmNkLTk4NDEtYjFmMDc4ODQ3ODY2XkEyXkFqcGdeQXVyNTUyMzE4Mzg@._V1_SX300.jpg
209,White Man's Burden,1995,https://images-na.ssl-images-amazon.com/images/M/MV5BYTY1ZjgzZTEtMmQwOS00NzA4LWJlOTYtNzhjNzMzMWY5NmQ3XkEyXkFqcGdeQXVyMTQxNzMzNDI@._V1_SX300.jpg
210,Wild Bill,1995,https://m.media-amazon.com/images/M/MV5BMjI0MjI4NDkyOF5BMl5BanBnXkFtZTcwNzQ0NTg3NA@@._V1_SX300.jpg
211,The Browning Version,1994,https://images-na.ssl-images-amazon.com/images/M/MV5BMTY5MjM0OTUwMF5BMl5BanBnXkFtZTcwMTg1NDAwMQ@@._V1_SX300.jpg
