Title,Year,Poster
Toy Story,1995,https://m.media-amazon.com/images/M/MV5BMDU2ZWJlMjktMTRhMy00ZTA5LWEzNDgtYmNmZTEwZTViZWJkXkEyXkFqcGdeQXVyNDQ2OTk4MzI@._V1_SX300.jpg
Jumanji,1995,https://m.media-amazon.com/images/M/MV5BZTk2ZmUwYmEtNTcwZS00YmMyLWFkYjMtNTRmZDA3YWExMjc2XkEyXkFqcGdeQXVyMTQxNzMzNDI@._V1_SX300.jpg
Grumpier Old Men,1995,https://m.media-amazon.com/images/M/MV5BMjQxM2YyNjMtZjUxYy00OGYyLTg0MmQtNGE2YzNjYmUyZTY1XkEyXkFqcGdeQXVyMTQxNzMzNDI@._V1_SX300.jpg
Waiting to Exhale,1995,https://m.media-amazon.com/images/M/MV5BYzcyMDY2YWQtYWJhYy00OGQ2LTk4NzktYWJkNDYwZWJmY2RjXkEyXkFqcGdeQXVyMTA0MjU0Ng@@._V1_SX300.jpg
Father of the Bride Part II,1995,https://m.media-amazon.com/images/M/MV5BOTEyNzg5NjYtNDU4OS00MWYxLWJhMTItYWU4NTkyNDBmM2Y0XkEyXkFqcGdeQXVyMTQxNzMzNDI@._V1_SX300.jpg
Heat,1995,https://m.media-amazon.com/images/M/MV5BNDc0YTQ5NGEtM2NkYS00MWRhLThiNzAtNmY3NWU3YzNkMjIyXkEyXkFqcGdeQXVyNzkwMjQ5NzM@._V1_SX300.jpg
Sabrina,1995,https://m.media-amazon.com/images/M/MV5BYjQ5ZjQ0YzQtOGY3My00MWVhLTgzNWItOTYwMTE5N2ZiMDUyXkEyXkFqcGdeQXVyNjUwMzI2NzU@._V1_SX300.jpg
Tom and Huck,1995,https://m.media-amazon.com/images/M/MV5BN2ZkZTMxOTAtMzg1Mi00M2U0LWE2NWItZDg4YmQyZjVkMDdhXkEyXkFqcGdeQXVyNTM5NzI0NDY@._V1_SX300.jpg
Sudden Death,1995,https://m.media-amazon.com/images/M/MV5BN2NjYWE5NjMtODlmZC00MjJhLWFkZTktYTJlZTI4YjVkMGNmXkEyXkFqcGdeQXVyNDc2NjEyMw@@._V1_SX300.jpg
GoldenEye,1995,https://m.media-amazon.com/images/M/MV5BMzk2OTg4MTk1NF5BMl5BanBnXkFtZTcwNjExNTgzNA@@._V1_SX300.jpg
The American President,1995,https://m.media-amazon.com/images/M/MV5BMTI5NDU2NDYzOF5BMl5BanBnXkFtZTYwNDk5MDI5._V1_SX300.jpg
Dracula: Dead and Loving It,1995,https://m.media-amazon.com/images/M/MV5BZWQ0ZDFmYzMtZGMyMi00NmYxLWE0MGYtYzM2ZGNhMTE1NTczL2ltYWdlL2ltYWdlXkEyXkFqcGdeQXVyMjM5ODMxODc@._V1_SX300.jpg
Balto,1995,https://m.media-amazon.com/images/M/MV5BMjBhNmFlZjMtMzhlYy00NDBlLWFiMjctMmE0ZjgwOGM2MTNmXkEyXkFqcGdeQXVyNjExODE1MDc@._V1_SX300.jpg
Nixon,1995,https://m.media-amazon.com/images/M/MV5BNzBlOWY0ZmEtZjdkYS00ZGU0LWEwN2YtYzBkNDM5ZDBjMmI1XkEyXkFqcGdeQXVyMTAwMzUyOTc@._V1_SX300.jpg
Cutthroat Island,1995,https://m.media-amazon.com/images/M/MV5BMDg2YTI0YmQtYzgwMi00Zjk4LWJkZjgtYjg0ZDE2ODUzY2RlL2ltYWdlXkEyXkFqcGdeQXVyNjQzNDI3NzY@._V1_SX300.jpg
Casino,1995,https://m.media-amazon.com/images/M/MV5BMTcxOWYzNDYtYmM4YS00N2NkLTk0NTAtNjg1ODgwZjAxYzI3XkEyXkFqcGdeQXVyNTA4NzY1MzY@._V1_SX300.jpg
Sense and Sensibility,1995,https://m.media-amazon.com/images/M/MV5BNzk1MjU3MDQyMl5BMl5BanBnXkFtZTcwNjc1OTM2MQ@@._V1_SX300.jpg
Four Rooms,1995,https://m.media-amazon.com/images/M/MV5BNDc3Y2YwMjUtYzlkMi00MTljLTg1ZGMtYzUwODljZTI1OTZjXkEyXkFqcGdeQXVyMTQxNzMzNDI@._V1_SX300.jpg
Ace Ventura: When Nature Calls,1995,https://m.media-amazon.com/images/M/MV5BNGFiYTgxZDctNGI4OS00MWU1LWIwOGUtZmMyNGQxYjVkZjQ3XkEyXkFqcGdeQXVyMTQxNzMzNDI@._V1_SX300.jpg
Money Train,1995,https://m.media-amazon.com/images/M/MV5BYWZlMzIwYzYtOWZiMi00ZGEzLWFhYmQtNmEzYzJlNDg1NjhjXkEyXkFqcGdeQXVyNTAyODkwOQ@@._V1_SX300.jpg
Get Shorty,1995,https://m.media-amazon.com/images/M/MV5BMjAwODYzNDY4Ml5BMl5BanBnXkFtZTcwODkwNTgzNA@@._V1_SX300.jpg
Copycat,1995,https://m.media-amazon.com/images/M/MV5BYWUwNDk2ZDYtNmFkMi00NjE5LWE1M2ItYTRkNTFjZDU3ZDU4L2ltYWdlL2ltYWdlXkEyXkFqcGdeQXVyMTYxNjkxOQ@@._V1_SX300.jpg
Assassins,1995,https://m.media-amazon.com/images/M/MV5BZGI1NDA4ZDItNTRjMi00YTU3LTkwZDEtYjdlNTI1ZjQxZDM1XkEyXkFqcGdeQXVyNDc2NjEyMw@@._V1_SX300.jpg
Powder,1995,https://m.media-amazon.com/images/M/MV5BOGUzYzNiZTItYmZlNi00ODI1LThjNTMtNjI1MTNlZDQ0OGY2XkEyXkFqcGdeQXVyNjExODE1MDc@._V1_SX300.jpg
Leaving Las Vegas,1995,https://m.media-amazon.com/images/M/MV5BNDg3MDM5NTI0MF5BMl5BanBnXkFtZTcwNDY0NDk0NA@@._V1_SX300.jpg
Othello,1995,https://m.media-amazon.com/images/M/MV5BMTIxMzA2ODk2NV5BMl5BanBnXkFtZTcwMzQ4ODIyMQ@@._V1_SX300.jpg
Now and Then,1995,https://m.media-amazon.com/images/M/MV5BMTM2MDQ1YjUtMGM0NC00NmFlLTljMDktZjJiNWRhMWYxOWYyXkEyXkFqcGdeQXVyNjgzMjI4ODE@._V1_SX300.jpg
Persuasion,1995,http://ia.media-imdb.com/images/M/MV5BMTc5NzAwNDAyN15BMl5BanBnXkFtZTYwMjYzMDc5._V1_SX300.jpg
The City of Lost Children,1995,https://m.media-amazon.com/images/M/MV5BZGQxZDMwYzYtYmFjNi00NWYyLThjZjAtMDJhODZhYTkyZDNhXkEyXkFqcGdeQXVyNTAyODkwOQ@@._V1_SX300.jpg
Shanghai Triad,1995,https://m.media-amazon.com/images/M/MV5BMTgyMzAwOTQyNF5BMl5BanBnXkFtZTcwNDU1MjgxMQ@@._V1_SX300.jpg
Dangerous Minds,1995,https://m.media-amazon.com/images/M/MV5BZjk2YjNkYTYtOTZkNy00ZmRkLWI5ODEtYzA4MTM3MzMyZjhlXkEyXkFqcGdeQXVyMTQxNzMzNDI@._V1_SX300.jpg
Twelve Monkeys,1995,https://m.media-amazon.com/images/M/MV5BN2Y2OWU4MWMtNmIyMy00YzMyLWI0Y2ItMTcyZDc3MTdmZDU4XkEyXkFqcGdeQXVyMTQxNzMzNDI@._V1_SX300.jpg
Wings of Courage,1995,https://images-na.ssl-images-amazon.com/images/M/MV5BMTc3ODY1MjA3OF5BMl5BanBnXkFtZTcwODgzOTgyMQ@@._V1_SX300.jpg
Babe,1995,https://m.media-amazon.com/images/M/MV5BYjg4ZjUzMzMtYzlmYi00YTcwLTlkOWUtYWFmY2RhNjliODQzXkEyXkFqcGdeQXVyNTUyMzE4Mzg@._V1_SX300.jpg
Carrington,1995,https://m.media-amazon.com/images/M/MV5BZjQ3MTBkNDEtMGRlZS00OTY0LTkzYjktOWU2MzI3ZDRiMjY5XkEyXkFqcGdeQXVyMTA0MjU0Ng@@._V1_SX300.jpg
Dead Man Walking,1995,https://m.media-amazon.com/images/M/MV5BMTM3NzA1MjM2N15BMl5BanBnXkFtZTcwMzY3MTMzNA@@._V1_SX300.jpg
Across the Sea of Time,1995,https://images-na.ssl-images-amazon.com/images/M/MV5BOTIwMzk1MDc1MF5BMl5BanBnXkFtZTcwMTEzNDkyMQ@@._V1_SX300.jpg
It Takes Two,1995,https://m.media-amazon.com/images/M/MV5BMzdhMGU0MzEtZjg1Ny00YzE5LWE0MGQtMTNiN2UwN2I5ZDBjXkEyXkFqcGdeQXVyNTgzMzU5MDI@._V1_SX300.jpg
Clueless,1995,https://m.media-amazon.com/images/M/MV5BMTgxODIxODE2MF5BMl5BanBnXkFtZTgwOTA4NjQxMTE@._V1_SX300.jpg
"Cry, the Beloved Country",1995,https://m.media-amazon.com/images/M/MV5BMTcwMDU1OTEwOF5BMl5BanBnXkFtZTcwMTg5NjEyMQ@@._V1_SX300.jpg
Richard III,1995,https://m.media-amazon.com/images/M/MV5BOWI3NjhhZDItNWQ2NS00Zjg0LWIzMjctNzY0MjRmNzkyYzVmXkEyXkFqcGdeQXVyMTA0MjU0Ng@@._V1_SX300.jpg
Dead Presidents,1995,https://m.media-amazon.com/images/M/MV5BNjdhZWEzMzEtMjNhZS00OThhLWFiZWUtM2EwMWU5MWE0MDA4XkEyXkFqcGdeQXVyMTQxNzMzNDI@._V1_SX300.jpg
Restoration,1995,https://images-na.ssl-images-amazon.com/images/M/MV5BMTQxODZiZTUtNTlhNy00Y2Q3LWFjMjctOTYyZGY2ZmIxZGRkXkEyXkFqcGdeQXVyMTQxNzMzNDI@._V1_SX300.jpg
Mortal Kombat,1995,https://m.media-amazon.com/images/M/MV5BNzJhYjYxMTctNmY4My00NGIzLThmN2MtYjgwMjlmZWNjMTJlL2ltYWdlL2ltYWdlXkEyXkFqcGdeQXVyMTQxNzMzNDI@._V1_SX300.jpg
To Die For,1995,https://m.media-amazon.com/images/M/MV5BNGZhYzgwNzItNDljNC00MDM4LThiYjEtNDRhNmE5NDk2MTQ0XkEyXkFqcGdeQXVyMTQxNzMzNDI@._V1_SX300.jpg
How to Make an American Quilt,1995,https://m.media-amazon.com/images/M/MV5BNGYwZmZkYWItNjdmMi00MjI2LThmOGYtMmI1NTQ0OWQ1YWIxXkEyXkFqcGdeQXVyNzA5NjUyNjM@._V1_SX300.jpg
Se7en,1995,https://m.media-amazon.com/images/M/MV5BOTUwODM5MTctZjczMi00OTk4LTg3NWUtNmVhMTAzNTNjYjcyXkEyXkFqcGdeQXVyNjU0OTQ0OTY@._V1_SX300.jpg
Pocahontas,1995,https://m.media-amazon.com/images/M/MV5BMzc4YzhiN2ItY2Y4NC00YTA0LWEyMjEtNzllNTcxZDdjODhiXkEyXkFqcGdeQXVyNTUyMzE4Mzg@._V1_SX300.jpg
When Night Is Falling,1995,https://m.media-amazon.com/images/M/MV5BNmZmNzc3ZWYtNTI2ZS00NWFlLWFkMWMtMGUxN2UxZjljZTY5XkEyXkFqcGdeQXVyNTM3MDMyMDQ@._V1_SX300.jpg
The Usual Suspects,1995,https://m.media-amazon.com/images/M/MV5BYTViNjMyNmUtNDFkNC00ZDRlLThmMDUtZDU2YWE4NGI2ZjVmXkEyXkFqcGdeQXVyNjU0OTQ0OTY@._V1_SX300.jpg
Guardian Angel,1994,https://ia.media-imdb.com/images/M/MV5BMTI1OTA0NDQzN15BMl5BanBnXkFtZTcwMjIwNjQyMQ@@._V1_SX300.jpg
Guardian Angel,1994,https://ia.media-imdb.com/images/M/MV5BMTI1OTA0NDQzN15BMl5BanBnXkFtZTcwMjIwNjQyMQ@@._V1_SX300.jpg
Lamerica,1994,https://images-na.ssl-images-amazon.com/images/M/MV5BMTk0MTI5MjU3MF5BMl5BanBnXkFtZTcwMjMzODUyMQ@@._V1_SX300.jpg
The Big Green,1995,https://m.media-amazon.com/images/M/MV5BNmY4NWVkM2UtY2FkZC00NWJiLTg5N2EtYzk4NjJkMGE0YzA3XkEyXkFqcGdeQXVyNTM5NzI0NDY@._V1_SX300.jpg
Georgia,1995,https://m.media-amazon.com/images/M/MV5BZWJiNjMwYzMtZWU5Yi00NGI0LTg5NGYtZDY4MWRiYjEwYTYzXkEyXkFqcGdeQXVyMTAwMzUyOTc@._V1_SX300.jpg
Kids of the Round Table,1995,https://images-na.ssl-images-amazon.com/images/M/MV5BMTEwMTM0MzI3OTheQTJeQWpwZ15BbWU3MDQzNTQ2MTE@._V1_SX300.jpg
Home for the Holidays,1995,https://m.media-amazon.com/images/M/MV5BMWU3NmFlNzAtMDM0Zi00OGM0LTgxN2EtZDVlNTBmYWYzNWUzXkEyXkFqcGdeQXVyNTM5NzI0NDY@._V1_SX300.jpg
Il Postino: The Postman,1994,https://m.media-amazon.com/images/M/MV5BYWZmNjkzOGItNmI4ZS00MDQ1LThhMzQtOTI3MThjOTI4Njg2XkEyXkFqcGdeQXVyMDUyOTUyNQ@@._V1_SX300.jpg
The Confessional,1995,https://images-na.ssl-images-amazon.com/images/M/MV5BYzViYmE5OWQtOTlmZi00ZDM2LTg5NTEtYjVkODBhZmI3MGQzXkEyXkFqcGdeQXVyNzM0MDQ1Mw@@._V1_SX300.jpg
The Indian in the Cupboard,1995,https://m.media-amazon.com/images/M/MV5BZWZlYmZiZGMtN2YyZC00MTdjLTllNjUtYWNhZDMwNDhhOTM1XkEyXkFqcGdeQXVyNTI4MjkwNjA@._V1_SX300.jpg
Eye for an Eye,1996,https://m.media-amazon.com/images/M/MV5BMDM4Mzc5ZjAtM2JjMi00NzU1LWEzM2MtNDQzNWI5MmRkM2I1XkEyXkFqcGdeQXVyNTAyODkwOQ@@._V1_SX300.jpg
Mr. Holland's Opus,1995,https://m.media-amazon.com/images/M/MV5BZDZhNDRlZjAtYzdhNy00ZjU1LWFlMDYtNjA5NjliM2Y5ZmVjL2ltYWdlXkEyXkFqcGdeQXVyNjE5MjUyOTM@._V1_SX300.jpg
Don't Be a Menace to South Central While Drinking Your Juice in the Hood,1996,https://m.media-amazon.com/images/M/MV5BY2NmM2M2MWItNjdlMC00ZWI3LTkwODUtZDNkYWZjYjgzZjY3XkEyXkFqcGdeQXVyMTQxNzMzNDI@._V1_SX300.jpg
Two If by Sea,1996,https://m.media-amazon.com/images/M/MV5BY2YwZjVkMjItYjY4Yy00M2QyLTg0Y2MtYmFiNTgzMjNmMmQzXkEyXkFqcGdeQXVyNzc5MjA3OA@@._V1_SX300.jpg
Bio-Dome,1996,https://m.media-amazon.com/images/M/MV5BYzY0ZjI0NTUtNDE4Yi00OGU2LWExZDMtNTY1MTM3ZWE3MzEyXkEyXkFqcGdeQXVyMTQxNzMzNDI@._V1_SX300.jpg
Lawnmower Man 2: Beyond Cyberspace,1996,https://m.media-amazon.com/images/M/MV5BZGI0ZDZhOGUtZDZiOS00NWE2LThjNzQtYzI3ZGFjODUwZjlkXkEyXkFqcGdeQXVyMTQxNzMzNDI@._V1_SX300.jpg
Two Bits,1995,https://m.media-amazon.com/images/M/MV5BOGE1NmM0MjYtZmJjYS00ODI5LWI0MjgtOGM2MTY3ZmIyNDZkXkEyXkFqcGdeQXVyNjUwNzk3NDc@._V1_SX300.jpg
French Twist,1995,https://m.media-amazon.com/images/M/MV5BMTQyNzIyMjI1MV5BMl5BanBnXkFtZTgwMjkyMzUzMzE@._V1_SX300.jpg
Friday,1995,https://m.media-amazon.com/images/M/MV5BYmEwNjNlZTUtNzkwMS00ZTlhLTkyY2MtMjM2MzlmODQyZGVhXkEyXkFqcGdeQXVyNTI4MjkwNjA@._V1_SX300.jpg
From Dusk Till Dawn,1996,https://m.media-amazon.com/images/M/MV5BZjk3YmZhMDAtOWUzMS00YjE5LTkxNzAtY2I1NGZjMDA2ZTk0XkEyXkFqcGdeQXVyMTQxNzMzNDI@._V1_SX300.jpg
Fair Game,1995,https://m.media-amazon.com/images/M/MV5BMTE4M2Q2ZjctMGViNS00NzhiLWFkMjMtMjY2NWMzOWUzM2Y3XkEyXkFqcGdeQXVyNjU0NTI0Nw@@._V1_SX300.jpg
Kicking and Screaming,1995,https://m.media-amazon.com/images/M/MV5BNWU2YjdlN2ItNTk2OS00MzMwLTlhYjctNDI0MDI0NTQ3OWY0XkEyXkFqcGdeQXVyNzI1NzMxNzM@._V1_SX300.jpg
Les Mis√©rables,1995,https://images-na.ssl-images-amazon.com/images/M/MV5BMTg1NzgyNTk0N15BMl5BanBnXkFtZTYwNjk4MDU5._V1_SX300.jpg
Bed of Roses,1996,https://m.media-amazon.com/images/M/MV5BNTUwOWM4YmUtMzdkMi00YjEwLWE0MmEtZTBmMGNhYWU4OGI3XkEyXkFqcGdeQXVyNzc5MjA3OA@@._V1_SX300.jpg
Big Bully,1996,https://m.media-amazon.com/images/M/MV5BYzAzMmUyNTYtNTQ4Yi00ZDJmLTliMTAtOTFlY2U0ODNiMGNmXkEyXkFqcGdeQXVyNTIzOTk5ODM@._V1_SX300.jpg
Screamers,1995,https://m.media-amazon.com/images/M/MV5BM2M2ZGM0NDUtODRhNS00MjcxLTg3ZWYtYjkyZDJkYmVjOWYwXkEyXkFqcGdeQXVyMTQxNzMzNDI@._V1_SX300.jpg
Nico Icon,1995,https://m.media-amazon.com/images/M/MV5BNTY2MDM2NzcyM15BMl5BanBnXkFtZTcwMjk3MzcyMQ@@._V1_SX300.jpg
The Crossing Guard,1995,https://m.media-amazon.com/images/M/MV5BMjkwNWMyZjQtNmU5MS00ZWE1LWE3NzMtNGZjNTlhYzcwNjIzXkEyXkFqcGdeQXVyMTAwMzUyOTc@._V1_SX300.jpg
The Juror,1996,https://m.media-amazon.com/images/M/MV5BYTMzNjAyZTktNzRjMS00ZThmLTk5ODEtZWI5ZmYyZGNiNzMxXkEyXkFqcGdeQXVyNjU0NTI0Nw@@._V1_SX300.jpg
The White Balloon,1995,https://images-na.ssl-images-amazon.com/images/M/MV5BMTE5ODk5MDAwN15BMl5BanBnXkFtZTYwNDA3MjE5._V1_SX300.jpg
Things to Do in Denver When You're Dead,1995,https://m.media-amazon.com/images/M/MV5BMzI0OWEzZmItOGUyOC00M2Y2LWIzNDEtY2EzYzAwNWI0ZDkyXkEyXkFqcGdeQXVyNTc1NTQxODI@._V1_SX300.jpg
Antonia's Line,1995,https://ia.media-imdb.com/images/M/MV5BMTgwNjkwOTQ5NV5BMl5BanBnXkFtZTcwNjc3ODAyMQ@@._V1_SX300.jpg
Once Upon a Time... When We Were Colored,1995,https://images-na.ssl-images-amazon.com/images/M/MV5BMTI4NDk2MDcyNV5BMl5BanBnXkFtZTcwMTQxNTMyMQ@@._V1_SX300.jpg
Last Summer in the Hamptons,1995,https://m.media-amazon.com/images/M/MV5BMTY2OTM4MDI2OV5BMl5BanBnXkFtZTcwNTQxMTYxMQ@@._V1_SX300.jpg
Angels and Insects,1995,https://m.media-amazon.com/images/M/MV5BZTc1MzY1ODAtMDhlMS00NjgyLTlkNTEtZTUwYTM4MzFkNWNmXkEyXkFqcGdeQXVyNDE5MTU2MDE@._V1_SX300.jpg
White Squall,1996,https://m.media-amazon.com/images/M/MV5BZjlmMDcwMWUtODBlZi00MmJkLThiODAtY2NkOGQxMTExZDU3L2ltYWdlXkEyXkFqcGdeQXVyNjQzNDI3NzY@._V1_SX300.jpg
Dunston Checks In,1996,https://m.media-amazon.com/images/M/MV5BN2RhOTA4YzAtNTg3NC00NmYxLWI1YjQtYzM4NTJlYzVhZGYwXkEyXkFqcGdeQXVyMTQxNzMzNDI@._V1_SX300.jpg
Black Sheep,1996,https://m.media-amazon.com/images/M/MV5BYjc2NzU0YjUtYzkyNS00NjcwLWJiM2QtM2Y3YjFhMTQ0M2I3XkEyXkFqcGdeQXVyMTQxNzMzNDI@._V1_SX300.jpg
Nick of Time,1995,https://m.media-amazon.com/images/M/MV5BODg1ODNjMzItYjRkMS00NmExLTkxNWUtMWYwNWM2NDU1YzU1XkEyXkFqcGdeQXVyNTAyODkwOQ@@._V1_SX300.jpg
The Journey of August King,1995,https://images-na.ssl-images-amazon.com/images/M/MV5BMWNkM2U1MTMtZTA4NC00OGE4LThmMzgtNWQzYWU4OTU1Y2YwXkEyXkFqcGdeQXVyMjUyNDk2ODc@._V1_SX300.jpg
Mary Reilly,1996,https://m.media-amazon.com/images/M/MV5BZWI5MzBiMjgtNDE2ZC00MTA1LWFmNWItZDQyMDA2NGE0MjQ5XkEyXkFqcGdeQXVyMTQxNzMzNDI@._V1_SX300.jpg
Vampire in Brooklyn,1995,https://m.media-amazon.com/images/M/MV5BNWFlYjJiYzUtNWE1YS00YzM5LTkxYzMtN2FlMjI4NTNlNzExXkEyXkFqcGdeQXVyMTQxNzMzNDI@._V1_SX300.jpg
Beautiful Girls,1996,https://m.media-amazon.com/images/M/MV5BOTQ4OTU0ODktY2E5YS00MGFhLTgwZTEtZWFkOGMxMmFmOTg0XkEyXkFqcGdeQXVyNzc5MjA3OA@@._V1_SX300.jpg
Broken Arrow,1996,https://m.media-amazon.com/images/M/MV5BYzU2NDg3ZTItNzRmNy00NTQzLTljMDUtNjczOTMwZjEzNWVkXkEyXkFqcGdeQXVyMTQxNzMzNDI@._V1_SX300.jpg
A Midwinter's Tale,1995,https://ia.media-imdb.com/images/M/MV5BMTIyMDEwMDAyMl5BMl5BanBnXkFtZTYwOTUwNTk4._V1_SX300.jpg
La Haine,1995,https://m.media-amazon.com/images/M/MV5BNDNiOTA5YjktY2Q0Ni00ODgzLWE5MWItNGExOWRlYjY2MjBlXkEyXkFqcGdeQXVyNjQ2MjQ5NzM@._V1_SX300.jpg
Shopping,1994,https://m.media-amazon.com/images/M/MV5BMTA5NzE3MjQ4MzFeQTJeQWpwZ15BbWU3MDQ1MDU2MjE@._V1_SX300.jpg
Heidi Fleiss: Hollywood Madam,1995,https://images-na.ssl-images-amazon.com/images/M/MV5BMTc4NDc5NzQzNF5BMl5BanBnXkFtZTcwMDUyODkxMQ@@._V1_SX300.jpg
City Hall,1996,https://m.media-amazon.com/images/M/MV5BNDlhNDc3MmEtODJkMS00YmVlLWI4MTUtNDRkMTFhYjk1NDdlXkEyXkFqcGdeQXVyMTMxMTY0OTQ@._V1_SX300.jpg
Bottle Rocket,1996,https://m.media-amazon.com/images/M/MV5BNDA3NGEwZGYtN2I0Yy00M2E3LWEzNmItNzUwOWUyYmUzYWZmXkEyXkFqcGdeQXVyNTgzMzU5MDI@._V1_SX300.jpg
Mr. Wrong,1996,https://m.media-amazon.com/images/M/MV5BMTM0MTAxMjcyMl5BMl5BanBnXkFtZTcwMTIzMTEyMQ@@._V1_SX300.jpg
Unforgettable,1996,https://m.media-amazon.com/images/M/MV5BMjQxODM0MjY2Nl5BMl5BanBnXkFtZTgwOTkwMDcyMTI@._V1_SX300.jpg
Happy Gilmore,1996,https://m.media-amazon.com/images/M/MV5BZWI2NjliOTYtZjE1OS00YzAyLWJjYTQtYWNmZTQzMTQzNzVjXkEyXkFqcGdeQXVyMTQxNzMzNDI@._V1_SX300.jpg
The Bridges of Madison County,1995,https://m.media-amazon.com/images/M/MV5BOTczNjIwMDM0MF5BMl5BanBnXkFtZTgwNzEzNTU1NTM@._V1_SX300.jpg
Nobody Loves Me,1994,https://m.media-amazon.com/images/M/MV5BMTM1NzQ2NjQ3Ml5BMl5BanBnXkFtZTcwNzg5NjYxMQ@@._V1_SX300.jpg
Muppet Treasure Island,1996,https://m.media-amazon.com/images/M/MV5BMTlmNzhiMWEtOWVjZC00NmM0LTgxNDItMDJmYTkxYTZkY2FjXkEyXkFqcGdeQXVyNTUyMzE4Mzg@._V1_SX300.jpg
Catwalk,1995,https://images-na.ssl-images-amazon.com/images/M/MV5BMTYxNzk1NjMxN15BMl5BanBnXkFtZTcwNjk0ODkxMQ@@._V1_SX300.jpg
Headless Body in Topless Bar,1995,https://images-na.ssl-images-amazon.com/images/M/MV5BMTYyMTAzNDY0NF5BMl5BanBnXkFtZTcwODc4ODcxMQ@@._V1_SX300.jpg
Braveheart,1995,https://m.media-amazon.com/images/M/MV5BMzkzMmU0YTYtOWM3My00YzBmLWI0YzctOGYyNTkwMWE5MTJkXkEyXkFqcGdeQXVyNzkwMjQ5NzM@._V1_SX300.jpg
Taxi Driver,1976,https://m.media-amazon.com/images/M/MV5BM2M1MmVhNDgtNmI0YS00ZDNmLTkyNjctNTJiYTQ2N2NmYzc2XkEyXkFqcGdeQXVyNzkwMjQ5NzM@._V1_SX300.jpg
Rumble in the Bronx,1995,https://m.media-amazon.com/images/M/MV5BZTUxMzY1N2YtZjM5NC00MmUzLThkNzEtYjNiYzg0MzI4MDc5L2ltYWdlXkEyXkFqcGdeQXVyNTAyODkwOQ@@._V1_SX300.jpg
Before and After,1996,https://m.media-amazon.com/images/M/MV5BMTgwODk4NDkzNF5BMl5BanBnXkFtZTcwMjA0MjUyMQ@@._V1_SX300.jpg
Margaret's Museum,1995,http://ia.media-imdb.com/images/M/MV5BMTc3NjY0Mjk4MV5BMl5BanBnXkFtZTcwNTAzMzUyMQ@@._V1_SX300.jpg
Happiness Is in the Field,1995,https://m.media-amazon.com/images/M/MV5BNWVlZDI1MTEtNGMxMS00ZWUyLWE4MDAtYzE5MzY0YjA2ZWM0XkEyXkFqcGdeQXVyMjQzMzQzODY@._V1_SX300.jpg
Anne Frank Remembered,1995,https://images-na.ssl-images-amazon.com/images/M/MV5BMTQ3NjcxMjEwMV5BMl5BanBnXkFtZTYwODMwNTc4._V1_SX300.jpg
The Young Poisoner's Handbook,1995,https://images-na.ssl-images-amazon.com/images/M/MV5BMTg0MTE5OTMzNV5BMl5BanBnXkFtZTcwMDM0MzkzMQ@@._V1_SX300.jpg
If Lucy Fell,1996,https://m.media-amazon.com/images/M/MV5BMmFjYWU4YTgtZGQ1OC00ZjhlLWI3ZjMtMzZhN2I1Y2I1MWJjXkEyXkFqcGdeQXVyMTQxNzMzNDI@._V1_SX300.jpg
Steal Big Steal Little,1995,https://m.media-amazon.com/images/M/MV5BN2RjYzZhZmUtNThhMi00OTE1LTljNjgtYTM1MjFlNjZjMzE3XkEyXkFqcGdeQXVyMTQ3Njg3MQ@@._V1_SX300.jpg
Race the Sun,1996,https://m.media-amazon.com/images/M/MV5BZDQ2ZGJlOTAtMmM1Yi00MGNlLWIwMDgtMzkzNTA1NWU3YzhiXkEyXkFqcGdeQXVyMTQxNzMzNDI@._V1_SX300.jpg
The Boys of St. Vincent,1992,https://m.media-amazon.com/images/M/MV5BODc3YjhlN2UtOWI3Mi00YTg4LTlhM2ItODI2ZGYzNjIxMDIzXkEyXkFqcGdeQXVyMDUyOTUyNQ@@._V1_SX300.jpg
Boomerang,1992,https://m.media-amazon.com/images/M/MV5BZDZmZDU5MGYtMTU3YS00NDczLWJmOTQtOTdlODk2NmMxZjllXkEyXkFqcGdeQXVyMTQxNzMzNDI@._V1_SX300.jpg
Chungking Express,1994,https://m.media-amazon.com/images/M/MV5BMGQ5MzljNzYtMDM1My00NmI0LThlYzQtMTg0ZmQ0MTk1YjkxXkEyXkFqcGdeQXVyNTAyODkwOQ@@._V1_SX300.jpg
The Star Maker,1995,https://m.media-amazon.com/images/M/MV5BNjM4OTI1MjMtMGU4OC00MzExLWFmY2EtNzM5Yjc5ZjdmNWUxL2ltYWdlL2ltYWdlXkEyXkFqcGdeQXVyMjIyMDk1Nzg@._V1_SX300.jpg
Flirting with Disaster,1996,https://m.media-amazon.com/images/M/MV5BNzM4NTAyMDE4MF5BMl5BanBnXkFtZTcwNjg1NDQ3Nw@@._V1_SX300.jpg
The NeverEnding Story III,1994,https://m.media-amazon.com/images/M/MV5BM2U0NDQxMDEtNzU1YS00ZjM2LTg3Y2QtZGRjMDAxMzBhODRkXkEyXkFqcGdeQXVyNTUyMzE4Mzg@._V1_SX300.jpg
The Silences of the Palace,1994,https://images-na.ssl-images-amazon.com/images/M/MV5BMTY4NTI3MTY4MF5BMl5BanBnXkFtZTcwNzI0MzcxMQ@@._V1_SX300.jpg
Jupiter's Wife,1995,https://images-na.ssl-images-amazon.com/images/M/MV5BMTI3ODIyODY4N15BMl5BanBnXkFtZTcwNjE3MjUyMQ@@._V1_SX300.jpg
Pie in the Sky,1996,https://images-na.ssl-images-amazon.com/images/M/MV5BMTAxMTQwNTg1NjNeQTJeQWpwZ15BbWU3MDEzMzI0MjE@._V1_SX300.jpg
Angela,1995,https://images-na.ssl-images-amazon.com/images/M/MV5BNTJlZTgyYjEtN2Y4Mi00MDU4LTliNzAtZmU1N2Y3YmNhOWQwXkEyXkFqcGdeQXVyMjkyMDI4NTQ@._V1_SX300.jpg
Frankie Starlight,1995,https://images-na.ssl-images-amazon.com/images/M/MV5BMjAxMzU0MzI0OF5BMl5BanBnXkFtZTcwMjI3MzMyMQ@@._V1_SX300.jpg
Jade,1995,https://m.media-amazon.com/images/M/MV5BYTcwZDIyMDEtN2Q4MS00ZTIxLWEwMjMtM2I5NWViOTNjMGRhXkEyXkFqcGdeQXVyNjU0NTI0Nw@@._V1_SX300.jpg
Nueba Yol,1995,https://images-na.ssl-images-amazon.com/images/M/MV5BZGQ1Yjc3MjItNDdmNi00YzQ5LWIwMzQtMzkwNTdkNDg2MmQ0XkEyXkFqcGdeQXVyODU4MjAxOQ@@._V1_SX300.jpg
Sonic Outlaws,1995,https://images-na.ssl-images-amazon.com/images/M/MV5BMTk5OTU5MTgxM15BMl5BanBnXkFtZTcwNTMwMDgyMQ@@._V1_SX300.jpg
Down Periscope,1996,https://m.media-amazon.com/images/M/MV5BMTlkNGU1NDctNDAwZC00ZThlLWE4YTgtMWU5YjJjYzIyY2VjXkEyXkFqcGdeQXVyNTIzOTk5ODM@._V1_SX300.jpg
From the Journals of Jean Seberg,1995,https://images-na.ssl-images-amazon.com/images/M/MV5BMTk5ODgzNDE1NV5BMl5BanBnXkFtZTcwMTY4MDMyMQ@@._V1_SX300.jpg
Man of the Year,1995,https://images-na.ssl-images-amazon.com/images/M/MV5BMjY3MjczMjQwMV5BMl5BanBnXkFtZTcwNDM3OTEzMQ@@._V1_SX300.jpg
The Neon Bible,1995,https://images-na.ssl-images-amazon.com/images/M/MV5BNzg1MzgyMDUyNl5BMl5BanBnXkFtZTcwNTk5MjcyMQ@@._V1_SX300.jpg
Target,1995,N/A
Up Close & Personal,1996,https://m.media-amazon.com/images/M/MV5BZTZjYmNkZTYtOTA0Zi00NDcyLWI2YzQtOTgyZjQ2YzM5Y2E2XkEyXkFqcGdeQXVyMTQxNzMzNDI@._V1_SX300.jpg
The Birdcage,1996,https://m.media-amazon.com/images/M/MV5BMTM2NjExODYyOF5BMl5BanBnXkFtZTcwNTc0NjgyNA@@._V1_SX300.jpg
Cienie,1988,N/A
Gospa,1995,https://images-na.ssl-images-amazon.com/images/M/MV5BOTdkOGMzN2EtM2JkYi00YTNjLTlhNjAtYjVkZWRjYWVmNjI5XkEyXkFqcGdeQXVyNjU4NzAyNjg@._V1_SX300.jpg
The Brothers McMullen,1995,https://m.media-amazon.com/images/M/MV5BMTQ2YTY2OWMtODdjNy00MmE4LWE1MDEtOTdmMzc4ZDBjNzQ5XkEyXkFqcGdeQXVyNTM0NTU5Mg@@._V1_SX300.jpg
Bad Boys,1995,https://m.media-amazon.com/images/M/MV5BMGE1ZTQ0ZTEtZTEwZS00NWE0LTlmMDUtMTE1ZWJiZTYzZTQ2XkEyXkFqcGdeQXVyNTAyODkwOQ@@._V1_SX300.jpg
The Amazing Panda Adventure,1995,https://m.media-amazon.com/images/M/MV5BZmUyZWJmZDktMjE0Yy00MjUwLTlmMmUtNTk0YjFkODUxZTVkXkEyXkFqcGdeQXVyNzc5MjA3OA@@._V1_SX300.jpg
The Basketball Diaries,1995,https://m.media-amazon.com/images/M/MV5BMjdlNzQxZGUtZTg5YS00ODg2LTkxMzctMDAyNmEwM2YyZjA4XkEyXkFqcGdeQXVyMTQxNzMzNDI@._V1_SX300.jpg
An Awfully Big Adventure,1995,https://m.media-amazon.com/images/M/MV5BN2I1ZGQzM2YtYTlhYy00MmRiLTlhYWUtMjk2OTMyODNjNjgyXkEyXkFqcGdeQXVyMTQxNzMzNDI@._V1_SX300.jpg
Amateur,1994,https://m.media-amazon.com/images/M/MV5BMTIwNzE5OTkxMV5BMl5BanBnXkFtZTcwMzIxMjAwMQ@@._V1_SX300.jpg
Apollo 13,1995,https://m.media-amazon.com/images/M/MV5BNjEzYjJmNzgtNDkwNy00MTQ4LTlmMWMtNzA4YjE2NjI0ZDg4XkEyXkFqcGdeQXVyNjU0OTQ0OTY@._V1_SX300.jpg
Rob Roy,1995,https://m.media-amazon.com/images/M/MV5BMjE2NTU2ODI0MV5BMl5BanBnXkFtZTcwNTIwODU2NA@@._V1_SX300.jpg
The Addiction,1995,https://m.media-amazon.com/images/M/MV5BMWYzN2EyMmMtMTU2My00MWY2LTkyMGYtMjk0MzVkZGZiMzNjXkEyXkFqcGdeQXVyMTQxNzMzNDI@._V1_SX300.jpg
Batman Forever,1995,https://m.media-amazon.com/images/M/MV5BNWY3M2I0YzItNzA1ZS00MzE3LThlYTEtMTg2YjNiOTYzODQ1XkEyXkFqcGdeQXVyMTQxNzMzNDI@._V1_SX300.jpg
Belle de Jour,1967,https://m.media-amazon.com/images/M/MV5BZjNkNGJjYWEtM2IyNi00ZjM5LWFlYjYtYjQ4NTU5MGFlMTI2XkEyXkFqcGdeQXVyMTMxMTY0OTQ@._V1_SX300.jpg
Beyond Rangoon,1995,https://m.media-amazon.com/images/M/MV5BMTQwODgxMTA1NV5BMl5BanBnXkFtZTcwNzg0MTgyMQ@@._V1_SX300.jpg
Blue in the Face,1995,https://m.media-amazon.com/images/M/MV5BMzMzMTBjMzQtNGVmZS00MTg2LTgyNGYtZDRjNDIzMDJiNzY4XkEyXkFqcGdeQXVyNTM3MDMyMDQ@._V1_SX300.jpg
Canadian Bacon,1995,https://m.media-amazon.com/images/M/MV5BMTUwNDU0NzcwMl5BMl5BanBnXkFtZTcwNzk1NjAzNA@@._V1_SX300.jpg
Casper,1995,https://m.media-amazon.com/images/M/MV5BZThhYTlhMDUtMDhjZi00MTljLTkwMDYtOGU3ZjVlMWE4NDk4XkEyXkFqcGdeQXVyMTQxNzMzNDI@._V1_SX300.jpg
Clockers,1995,https://m.media-amazon.com/images/M/MV5BY2JmNTUyYWQtMTZhMy00YTE4LTllNGItMDZmNTBiZTkyNjE2XkEyXkFqcGdeQXVyMTMxMTY0OTQ@._V1_SX300.jpg
Congo,1995,https://m.media-amazon.com/images/M/MV5BMmQ2YWFjZGItMTNiZi00ZDFmLWE3ZTAtNTZiZTI5ZjBjYzlkXkEyXkFqcGdeQXVyMTQxNzMzNDI@._V1_SX300.jpg
Crimson Tide,1995,https://m.media-amazon.com/images/M/MV5BMmFkY2IxNTAtMWRiNS00MWU2LWI1NDYtY2YxYTQyYTk5OTBhXkEyXkFqcGdeQXVyNDk3NzU2MTQ@._V1_SX300.jpg
Crumb,1994,https://m.media-amazon.com/images/M/MV5BNThmZGJiYzctOTdhNS00ODhiLTg4NzctNDc1ZDRmOGU1MTJmXkEyXkFqcGdeQXVyNjQ2MjQ5NzM@._V1_SX300.jpg
Desperado,1995,https://m.media-amazon.com/images/M/MV5BYjA0NDMyYTgtMDgxOC00NGE0LWJkOTQtNDRjMjEzZmU0ZTQ3XkEyXkFqcGdeQXVyMTQxNzMzNDI@._V1_SX300.jpg
Devil in a Blue Dress,1995,https://m.media-amazon.com/images/M/MV5BNjI3NjFiNmMtMmQ1ZC00OTUwLWJlMWMtM2UxY2M2NDQ0OWJhXkEyXkFqcGdeQXVyNTI4MjkwNjA@._V1_SX300.jpg
Die Hard with a Vengeance,1995,https://m.media-amazon.com/images/M/MV5BZjI0ZWFiMmQtMjRlZi00ZmFhLWI4NmYtMjQ5YmY0MzIyMzRiXkEyXkFqcGdeQXVyMTQxNzMzNDI@._V1_SX300.jpg
The Doom Generation,1995,https://m.media-amazon.com/images/M/MV5BYjEwZDUyODktOGVmOC00ZjIyLTlmM2YtZDZjY2Y2ZWE4ZjMyXkEyXkFqcGdeQXVyMTQxNzMzNDI@._V1_SX300.jpg
Feast of July,1995,https://images-na.ssl-images-amazon.com/images/M/MV5BODQ5NTcyODQ4Ml5BMl5BanBnXkFtZTcwNjgxNzUyMQ@@._V1_SX300.jpg
First Knight,1995,https://m.media-amazon.com/images/M/MV5BOGUyZmJmM2MtMDNlZC00ZDU0LWIwODQtNGFmOWJjZjk5ZThhXkEyXkFqcGdeQXVyNjUwNzk3NDc@._V1_SX300.jpg
Free Willy 2: The Adventure Home,1995,https://m.media-amazon.com/images/M/MV5BZWY3OWY3MjUtN2E3NS00M2RkLWI5MWUtMmI4MjQ0MjFmZjM2XkEyXkFqcGdeQXVyMTQxNzMzNDI@._V1_SX300.jpg
Hackers,1995,https://m.media-amazon.com/images/M/MV5BNmExMTkyYjItZTg0YS00NWYzLTkwMjItZWJiOWQ2M2ZkYjE4XkEyXkFqcGdeQXVyMTQxNzMzNDI@._V1_SX300.jpg
Jeffrey,1995,https://m.media-amazon.com/images/M/MV5BMTc4MjM1Njc3NF5BMl5BanBnXkFtZTcwNzI0OTgyMQ@@._V1_SX300.jpg
Johnny Mnemonic,1995,https://m.media-amazon.com/images/M/MV5BNTdhYjEzYTEtYTkwZC00NzgxLWI0ZWEtYmEyMGZhOWYwMjE2XkEyXkFqcGdeQXVyMTQxNzMzNDI@._V1_SX300.jpg
Judge Dredd,1995,https://m.media-amazon.com/images/M/MV5BYmM1NzUyY2YtOTU4My00ZmFmLWI4ZjYtYzJlM2JlOTBhZmIzXkEyXkFqcGdeQXVyNjE5MjUyOTM@._V1_SX300.jpg
Jury Duty,1995,https://m.media-amazon.com/images/M/MV5BN2RlNGM4NjEtNjUxZC00YjA2LThjYjQtMDdkNDA1YzNlNzJjXkEyXkFqcGdeQXVyMTQxNzMzNDI@._V1_SX300.jpg
Kids,1995,https://m.media-amazon.com/images/M/MV5BNTNmN2QyNTgtMTk0ZC00NmFhLWJlNzctZmMyYTczZTYyMzA1XkEyXkFqcGdeQXVyMTQxNzMzNDI@._V1_SX300.jpg
Living in Oblivion,1995,https://m.media-amazon.com/images/M/MV5BN2U2MDdjZjUtMGU1Ni00MzlkLTllZWQtZmJjNzJmYjE5YjAxXkEyXkFqcGdeQXVyMTA0MjU0Ng@@._V1_SX300.jpg
Lord of Illusions,1995,https://m.media-amazon.com/images/M/MV5BNDg1OTc0MDQwNl5BMl5BanBnXkFtZTcwMjQ3NDk0NA@@._V1_SX300.jpg
Love & Human Remains,1993,https://images-na.ssl-images-amazon.com/images/M/MV5BMTcxMzQ2OTk5OF5BMl5BanBnXkFtZTcwMDUxNDMzMQ@@._V1_SX300.jpg
Mad Love,1995,https://m.media-amazon.com/images/M/MV5BZjBlZmVmZWItODBhNC00MzY0LWFjMDktODI0NmJiMDAxYmNjXkEyXkFqcGdeQXVyMTQxNzMzNDI@._V1_SX300.jpg
Mallrats,1995,https://m.media-amazon.com/images/M/MV5BZGNhYzE4YzktNDIwNC00YmRiLTgyOTgtMzk1ZjNhNmI4ODI1XkEyXkFqcGdeQXVyMTk3NDAwMzI@._V1_SX300.jpg
Mighty Morphin Power Rangers: The Movie,1995,https://m.media-amazon.com/images/M/MV5BN2I2Y2I5N2MtMzJhMy00NzE2LThlMzEtNGE0ODA4M2JhOWNiXkEyXkFqcGdeQXVyNTI4MjkwNjA@._V1_SX300.jpg
Moonlight and Valentino,1995,https://m.media-amazon.com/images/M/MV5BYjBhZDFhYWMtYTA0MS00NTZkLWI2YTAtMGJmZmVlNmE3YmE1XkEyXkFqcGdeQXVyMTA0MjU0Ng@@._V1_SX300.jpg
Mute Witness,1995,https://m.media-amazon.com/images/M/MV5BNTJkYWU2MjQtMGI4Ny00MGZjLWIzN2QtZDFmYWFkNDQ2NzJhXkEyXkFqcGdeQXVyMTQxNzMzNDI@._V1_SX300.jpg
Nadja,1994,https://images-na.ssl-images-amazon.com/images/M/MV5BMTk2NTE5MDI4MV5BMl5BanBnXkFtZTcwODM4MDMzMQ@@._V1_SX300.jpg
The Net,1995,https://m.media-amazon.com/images/M/MV5BYWU1YjQ3NTUtZjZkZi00ZDc5LTgyZTgtNzkxMTIzNzUwZGY0XkEyXkFqcGdeQXVyNDk3NzU2MTQ@._V1_SX300.jpg
Nine Months,1995,https://m.media-amazon.com/images/M/MV5BY2U3YTQzYWYtZTBlYi00ZmJjLTkzMjAtOTljYmE5MThhNzk5L2ltYWdlL2ltYWdlXkEyXkFqcGdeQXVyMTQxNzMzNDI@._V1_SX300.jpg
Party Girl,1995,https://m.media-amazon.com/images/M/MV5BNDkxZTY2YzctMDkxNy00NzA0LWE3MDYtNmRlMGQyZGNjZWIxXkEyXkFqcGdeQXVyMTMxMTY0OTQ@._V1_SX300.jpg
The Prophecy,1995,https://m.media-amazon.com/images/M/MV5BZjM4N2I0ZjYtMTFmNC00ZGQ0LWIzNmMtZDZjNzIwOGM1NzA0XkEyXkFqcGdeQXVyMTQxNzMzNDI@._V1_SX300.jpg
Reckless,1995,https://m.media-amazon.com/images/M/MV5BMTk4ODEzNDktM2U1ZC00MjhiLWEyMTgtNmI2NGM0ZWE3MTE2XkEyXkFqcGdeQXVyNjExODE1MDc@._V1_SX300.jpg
Safe,1995,https://m.media-amazon.com/images/M/MV5BODliOWEzMTUtZDQ5ZS00ZTBmLTgzNzEtMGVkOTlhYWNkYjE2XkEyXkFqcGdeQXVyMTQxNzMzNDI@._V1_SX300.jpg
The Scarlet Letter,1995,https://m.media-amazon.com/images/M/MV5BMTkxOWQ0OWMtY2E5YS00YjkzLWFjODQtZGY4NTQ5YmE2OGIzXkEyXkFqcGdeQXVyMTQxNzMzNDI@._V1_SX300.jpg
The Show,1995,https://m.media-amazon.com/images/M/MV5BMTAwNDYwMTEzNzZeQTJeQWpwZ15BbWU3MDY2MTY2MjE@._V1_SX300.jpg
Showgirls,1995,https://m.media-amazon.com/images/M/MV5BNzcyMjExNjg3OF5BMl5BanBnXkFtZTgwOTY4Mjc1MDE@._V1_SX300.jpg
Smoke,1995,https://m.media-amazon.com/images/M/MV5BMjUwYTdiYjItNTgzNS00MmQ3LWJlMDctODMyNTkxMjIxMDgwL2ltYWdlL2ltYWdlXkEyXkFqcGdeQXVyMTA0MjU0Ng@@._V1_SX300.jpg
Something to Talk About,1995,https://m.media-amazon.com/images/M/MV5BZDhmOTczMjItMzg5NS00OTFiLWEzYTctMjAxMTZmMWVmMmQxXkEyXkFqcGdeQXVyMTQxNzMzNDI@._V1_SX300.jpg
Species,1995,https://m.media-amazon.com/images/M/MV5BMjEzOTkxNTcyM15BMl5BanBnXkFtZTcwOTk0MjI3NA@@._V1_SX300.jpg
The Stars Fell on Henrietta,1995,https://images-na.ssl-images-amazon.com/images/M/MV5BMTU4NTYzMzIzMF5BMl5BanBnXkFtZTcwODk4MTkxMQ@@._V1_SX300.jpg
Strange Days,1995,https://m.media-amazon.com/images/M/MV5BODFkMTBmNjktMjM1Yy00MjY5LTliMGEtM2FhYjE2YjRmN2RkXkEyXkFqcGdeQXVyNzkwMjQ5NzM@._V1_SX300.jpg
The Umbrellas of Cherbourg,1964,https://m.media-amazon.com/images/M/MV5BYzU0ZjM1OTYtYzkwMS00N2RhLTlmNGUtNDIwM2I1MzVlNTdlXkEyXkFqcGdeQXVyNzAyNTgyNjU@._V1_SX300.jpg
The Tie That Binds,1995,https://m.media-amazon.com/images/M/MV5BMTg1NDgxMzYyM15BMl5BanBnXkFtZTcwNzIyOTEyMQ@@._V1_SX300.jpg
Three Wishes,1995,https://images-na.ssl-images-amazon.com/images/M/MV5BMTYzMTYxODc2N15BMl5BanBnXkFtZTcwMTMzNjAwMQ@@._V1_SX300.jpg
Total Eclipse,1995,https://m.media-amazon.com/images/M/MV5BMjEyMTY0NDM2N15BMl5BanBnXkFtZTcwMjMzNDYxMQ@@._V1_SX300.jpg
"To Wong Foo Thanks for Everything, Julie Newmar",1995,"https://m.media-amazon.com/images/M/MV5BMjEyNzgxNTk0OF5BMl5BanBnXkFtZTcwOTAzNjgyMQ@@._V1._CR2,3,261,413_SX89_AL_.jpg_V1_SX300.jpg"
Under Siege 2: Dark Territory,1995,https://m.media-amazon.com/images/M/MV5BMmUxMDE0MTItMTRiMC00YzgwLTkwODItN2FkOTQ0MjNhY2QwXkEyXkFqcGdeQXVyMDEwMjgxNg@@._V1_SX300.jpg
Unstrung Heroes,1995,https://m.media-amazon.com/images/M/MV5BNGI4YWI4YmYtZTAyMS00NGE0LThlMDUtNmQ1OTcyMGUwNTM1XkEyXkFqcGdeQXVyNzc5MjA3OA@@._V1_SX300.jpg
Unzipped,1995,https://m.media-amazon.com/images/M/MV5BMjAwODIwMTk2Nl5BMl5BanBnXkFtZTcwMzA4NDUyMQ@@._V1_SX300.jpg
